galgame_id	workno	score	matched_field
4	VJ013550	1.00	ja
6	VJ013975	1.00	ja
8	VJ013197	1.00	ja
10	RJ297925	1.00	ja
12	VJ014002	1.00	ja
13	VJ002337	1.00	ja
16	VJ015422	1.00	ja
17	VJ013906	1.00	ja
28	VJ013367	1.00	ja
29	VJ011419	1.00	ja
34	VJ014408	1.00	ja
35	VJ014408	1.00	ja
36	VJ014408	1.00	ja
37	VJ014408	1.00	ja
38	VJ014408	1.00	ja
40	VJ011359	1.00	ja
41	VJ015604	1.00	ja
48	VJ011358	1.00	ja
50	VJ011031	1.00	ja
60	VJ006119	1.00	en
65	VJ006855	1.00	ja
66	VJ007437	1.00	ja
67	VJ009474	1.00	ja
68	VJ011525	1.00	ja
69	VJ013692	1.00	ja
76	RJ215863	1.00	ja
77	VJ008661	1.00	ja
78	RJ243732	1.00	ja
85	VJ010348	1.00	en
87	VJ012658	1.00	en
89	VJ012243	1.00	ja
90	VJ010018	1.00	ja
91	VJ011306	1.00	ja
94	RJ144678	1.00	alias
95	RJ170327	1.00	ja
96	RJ200500	1.00	ja
97	RJ307838	0.95	ja
104	VJ009683	1.00	ja
107	VJ005834	1.00	ja
109	RJ083753	1.00	ja
111	RJ081727	1.00	ja
113	VJ008455	1.00	en
114	VJ007197	1.00	en
116	VJ008347	1.00	ja
121	VJ009030	1.00	en
128	RJ170438	1.00	ja
136	RJ033572	1.00	ja
138	VJ007865	1.00	ja
140	VJ013777	1.00	ja
141	VJ010347	1.00	alias
142	VJ015744	1.00	ja
146	VJ009212	1.00	ja
151	RJ192524	1.00	ja
152	RJ275492	1.00	ja
153	RJ148522	1.00	ja
154	RJ181679	1.00	ja
155	RJ382027	1.00	ja
156	RJ243999	1.00	ja
157	RJ217278	1.00	ja
158	VJ007528	1.00	ja
161	RJ393720	1.00	alias
163	VJ004186	1.00	ja
165	VJ002705	1.00	en
166	VJ004167	1.00	zh
168	VJ005294	1.00	en
175	VJ011316	1.00	ja
176	VJ011647	1.00	ja
179	RJ01058914	1.00	alias
191	VJ013421	1.00	en
192	VJ014144	1.00	en
194	VJ009644	1.00	ja
195	VJ014985	1.00	en
196	VJ010327	1.00	ja
197	VJ014687	1.00	ja
198	VJ014860	1.00	en
200	VJ004651	1.00	alias
204	VJ014636	1.00	en
212	RJ038541	1.00	ja
213	VJ010584	1.00	ja
229	VJ013213	1.00	ja
230	VJ012917	1.00	ja
232	VJ006748	1.00	ja
236	VJ009104	1.00	alias
241	VJ012525	1.00	ja
245	RJ246645	1.00	en
253	VJ007330	1.00	ja
256	VJ009819	1.00	ja
259	VJ010744	1.00	en
260	RJ258362	1.00	ja
270	VJ007647	1.00	ja
271	VJ008868	1.00	ja
274	VJ012598	1.00	alias
275	VJ013405	1.00	alias
276	VJ008725	1.00	zh
280	VJ010255	1.00	ja
283	VJ011317	1.00	ja
284	VJ010262	1.00	ja
289	VJ013115	1.00	en
291	VJ010894	0.73	en
296	VJ014134	1.00	ja
298	VJ015652	1.00	ja
300	VJ013684	1.00	alias
302	VJ011289	1.00	alias
304	VJ011385	1.00	ja
309	VJ003455	1.00	ja
311	VJ012131	1.00	ja
316	VJ009940	1.00	en
320	RJ427484	1.00	ja
321	RJ01143540	1.00	ja
323	RJ082981	1.00	ja
325	VJ007851	1.00	ja
326	RJ153310	1.00	ja
332	RJ01063798	1.00	ja
334	RJ01106142	1.00	ja
335	VJ013711	1.00	alias
336	VJ014778	1.00	ja
338	VJ010335	1.00	ja
342	VJ010252	1.00	ja
353	VJ009524	1.00	ja
355	VJ014684	0.96	alias
356	RJ216322	1.00	ja
359	RJ190066	1.00	ja
360	RJ040728	1.00	ja
361	RJ065609	1.00	ja
362	RJ088519	1.00	ja
363	RJ059169	1.00	ja
366	VJ013433	1.00	ja
369	RJ395199	1.00	ja
370	VJ008384	1.00	ja
371	VJ013699	1.00	ja
377	VJ015378	1.00	alias
379	VJ008030	1.00	ja
382	VJ012519	1.00	ja
386	VJ010828	0.95	ja
388	RJ270440	1.00	ja
391	RJ059910	1.00	ja
392	VJ006554	1.00	en
393	VJ006555	1.00	en
394	VJ006763	1.00	en
395	VJ003644	1.00	ja
396	VJ003918	1.00	ja
397	VJ011387	1.00	ja
399	VJ006603	1.00	ja
400	VJ005001	1.00	ja
401	VJ008114	1.00	ja
402	VJ014786	1.00	ja
404	VJ004478	1.00	ja
406	VJ006891	1.00	ja
409	VJ008731	1.00	ja
412	RJ240346	1.00	ja
414	VJ009986	1.00	ja
417	VJ012637	1.00	zh
418	VJ013834	0.75	zh
419	VJ007731	1.00	zh
420	VJ011275	1.00	zh
421	VJ010863	1.00	zh
422	VJ008761	1.00	zh
423	VJ006538	1.00	ja
427	VJ013027	1.00	ja
428	VJ014037	1.00	ja
429	VJ015249	1.00	ja
436	VJ012176	1.00	ja
437	VJ012868	1.00	ja
442	VJ010082	1.00	ja
448	VJ011969	1.00	ja
453	VJ012614	1.00	ja
455	VJ011945	1.00	ja
456	VJ010715	1.00	ja
457	VJ014118	1.00	ja
459	VJ005187	1.00	ja
460	VJ011474	1.00	ja
461	VJ008809	0.98	ja
462	VJ006276	1.00	ja
464	RJ026196	1.00	ja
466	VJ015476	1.00	ja
468	VJ010567	1.00	ja
470	VJ013406	1.00	ja
471	VJ014380	1.00	ja
472	VJ015576	1.00	ja
473	VJ014649	1.00	ja
475	VJ008729	1.00	ja
476	VJ009824	1.00	ja
477	VJ009823	1.00	ja
481	RJ271624	1.00	ja
482	RJ369269	1.00	ja
483	RJ299486	1.00	zh
484	RJ280218	1.00	zh
485	RJ309243	1.00	ja
486	RJ317111	1.00	ja
487	RJ336790	1.00	zh
488	RJ327176	1.00	ja
497	RJ197770	1.00	ja
498	VJ014580	1.00	ja
500	VJ011634	1.00	ja
501	VJ011208	1.00	ja
502	VJ010600	1.00	ja
503	VJ011651	1.00	ja
504	VJ011633	1.00	ja
537	VJ015104	1.00	ja
540	VJ011000	1.00	ja
549	VJ011410	0.92	ja
551	VJ002559	0.90	ja
552	VJ004438	1.00	ja
553	VJ007036	1.00	ja
557	VJ007902	1.00	ja
559	VJ009553	1.00	ja
563	VJ008637	1.00	ja
564	VJ006497	1.00	ja
566	VJ004938	0.77	ja
567	VJ012123	1.00	ja
568	VJ008529	1.00	alias
569	VJ011759	1.00	alias
571	VJ013965	1.00	ja
584	VJ015188	1.00	ja
585	VJ015195	1.00	ja
586	VJ015194	1.00	ja
587	VJ013163	1.00	ja
588	VJ012351	1.00	ja
589	VJ011798	1.00	ja
590	VJ014803	1.00	ja
591	VJ010377	1.00	ja
592	VJ012604	1.00	ja
593	VJ010784	1.00	ja
594	VJ014808	1.00	ja
595	VJ015644	1.00	ja
601	VJ009245	1.00	ja
604	VJ005473	1.00	ja
606	RJ365062	1.00	ja
607	VJ006832	1.00	ja
608	RJ373005	1.00	ja
609	RJ01112520	1.00	ja
610	RJ01212507	1.00	en
611	RJ01060386	1.00	ja
612	RJ420175	1.00	alias
614	VJ011885	1.00	ja
615	VJ013773	1.00	ja
616	VJ007870	1.00	ja
625	RJ051173	1.00	ja
642	RJ083612	1.00	ja
646	VJ010686	1.00	ja
665	VJ012765	1.00	ja
666	VJ014099	1.00	ja
667	VJ014888	1.00	ja
670	VJ006698	1.00	alias
671	VJ004282	1.00	ja
672	VJ012764	0.96	ja
676	RJ356899	1.00	ja
681	VJ008889	1.00	ja
686	VJ012485	1.00	ja
688	VJ012607	1.00	ja
689	VJ012808	1.00	ja
690	VJ013531	1.00	ja
712	VJ013932	1.00	ja
713	VJ014932	1.00	ja
714	VJ015675	1.00	ja
715	VJ011678	1.00	ja
716	VJ009745	1.00	ja
719	VJ012939	1.00	ja
728	VJ011308	1.00	ja
729	RJ01214934	1.00	ja
730	RJ262908	1.00	ja
731	RJ233889	1.00	ja
732	RJ185754	1.00	ja
733	RJ162097	1.00	ja
734	RJ079647	1.00	ja
735	RJ093972	1.00	ja
741	VJ008137	1.00	ja
742	VJ010806	1.00	ja
751	VJ010349	1.00	ja
754	VJ010273	1.00	ja
764	RJ280657	1.00	ja
765	VJ011811	1.00	ja
766	VJ010654	1.00	ja
769	RJ399143	1.00	ja
770	VJ011755	1.00	ja
778	RJ082257	1.00	ja
782	RJ382054	1.00	en
793	VJ010954	1.00	ja
800	VJ012558	1.00	ja
806	VJ006699	1.00	ja
807	RJ294560	1.00	ja
808	VJ004373	1.00	en
809	VJ005148	1.00	ja
813	RJ038558	1.00	ja
814	RJ042095	1.00	ja
815	RJ054062	1.00	ja
817	VJ008979	1.00	ja
820	VJ015804	1.00	ja
822	VJ010955	1.00	ja
823	VJ011205	1.00	ja
824	VJ011599	1.00	ja
825	VJ011985	1.00	ja
826	VJ012569	1.00	ja
827	VJ012570	1.00	ja
828	VJ013584	1.00	ja
829	VJ015118	1.00	ja
834	VJ003627	1.00	en
838	RJ249330	1.00	ja
839	VJ011271	1.00	ja
842	VJ009186	1.00	en
848	VJ008023	1.00	alias
849	VJ014860	1.00	en
862	VJ010098	1.00	ja
863	RJ408348	1.00	ja
864	VJ002520	1.00	ja
865	VJ003481	1.00	en
866	VJ002237	1.00	en
867	VJ002429	1.00	en
868	VJ006984	1.00	alias
869	VJ008888	1.00	alias
872	VJ006602	1.00	ja
874	VJ008694	1.00	ja
875	VJ009369	1.00	ja
880	VJ002789	1.00	en
884	VJ005277	1.00	ja
886	VJ004755	1.00	ja
892	RJ01318457	1.00	ja
893	VJ010188	1.00	ja
894	VJ009460	1.00	ja
895	VJ007073	1.00	ja
898	VJ007080	1.00	ja
899	VJ007533	1.00	ja
907	RJ01012429	1.00	ja
909	VJ010858	1.00	ja
910	VJ015595	1.00	ja
915	VJ010573	1.00	ja
916	VJ006640	1.00	ja
917	VJ014937	1.00	ja
920	VJ001237	1.00	alias
924	VJ005375	1.00	ja
927	VJ007463	1.00	ja
928	VJ010196	1.00	zh
929	VJ005373	0.62	ja
930	VJ011803	1.00	ja
931	VJ006843	1.00	ja
934	VJ014738	1.00	ja
936	VJ003995	1.00	alias
940	VJ009220	1.00	ja
942	VJ012466	1.00	ja
945	VJ006878	1.00	en
946	VJ001614	1.00	en
952	VJ014500	1.00	ja
956	VJ007495	1.00	ja
957	VJ009720	1.00	ja
963	RJ076967	1.00	ja
964	VJ012350	1.00	ja
965	VJ009608	1.00	ja
966	VJ013171	1.00	ja
967	VJ013522	1.00	ja
969	VJ005213	1.00	ja
970	RJ299604	1.00	ja
972	VJ006231	0.67	zh
973	RJ158166	1.00	ja
981	VJ007362	1.00	alias
983	VJ012571	1.00	ja
984	VJ013513	1.00	ja
989	VJ011597	1.00	ja
994	RJ250595	1.00	ja
998	VJ015617	1.00	ja
1003	VJ003809	1.00	ja
1011	VJ010438	1.00	ja
1014	RJ041947	1.00	ja
1015	RJ146230	1.00	ja
1022	VJ006929	1.00	ja
1024	VJ014640	1.00	ja
1028	RJ321730	1.00	ja
1029	VJ013815	1.00	ja
1030	VJ013813	1.00	ja
1031	VJ013814	1.00	ja
1032	VJ013816	1.00	ja
1034	RJ190193	1.00	ja
1035	RJ405243	1.00	ja
1036	RJ01015758	1.00	ja
1047	RJ173185	1.00	ja
1055	VJ014560	1.00	ja
1059	VJ001771	1.00	en
1076	VJ009832	1.00	ja
1083	VJ007750	1.00	ja
1085	VJ003490	1.00	ja
1088	RJ150384	1.00	ja
1089	RJ222062	1.00	ja
1090	RJ222970	1.00	ja
1091	RJ226128	1.00	ja
1092	RJ01186756	1.00	ja
1093	VJ012499	1.00	ja
1095	VJ010641	1.00	ja
1098	VJ008859	1.00	ja
1100	VJ014859	1.00	ja
1103	RJ301024	1.00	ja
1104	VJ006762	1.00	en
1105	VJ007374	1.00	alias
1114	VJ015261	1.00	ja
1118	VJ014658	1.00	ja
1121	VJ011421	1.00	ja
1124	RJ01189784	1.00	alias
1127	VJ012599	1.00	ja
1128	VJ010653	1.00	ja
1130	VJ008787	1.00	ja
1131	VJ007749	1.00	ja
1135	VJ007476	1.00	ja
1136	VJ007178	1.00	ja
1137	VJ014556	1.00	ja
1142	RJ296007	1.00	en
1143	VJ010966	1.00	ja
1144	VJ011457	1.00	ja
1146	VJ007927	1.00	ja
1148	VJ011392	1.00	zh
1154	VJ002025	1.00	ja
1156	RJ01341157	1.00	alias
1157	VJ007995	1.00	ja
1162	VJ010439	1.00	ja
1163	VJ011542	1.00	ja
1164	VJ011444	1.00	ja
1166	VJ006595	1.00	ja
1170	RJ01088788	1.00	ja
1174	VJ006209	1.00	ja
1176	VJ008933	0.97	ja
1181	VJ012919	1.00	zh
1183	VJ015025	1.00	ja
1184	VJ015404	1.00	ja
1186	VJ012407	1.00	ja
1187	VJ012082	1.00	ja
1190	RJ231948	1.00	ja
1191	VJ012401	1.00	alias
1192	VJ011568	1.00	alias
1194	RJ068350	1.00	ja
1196	RJ410787	1.00	ja
1199	VJ013654	1.00	ja
1200	VJ013653	1.00	ja
1201	VJ015377	1.00	ja
1204	VJ010487	1.00	ja
1214	VJ011615	1.00	ja
1221	VJ013727	1.00	ja
1223	VJ013728	1.00	ja
1224	VJ008161	1.00	ja
1225	VJ006886	1.00	ja
1226	VJ008261	1.00	ja
1231	VJ006569	1.00	ja
1232	VJ010510	1.00	ja
1237	VJ010331	1.00	ja
1239	VJ015588	0.92	ja
1241	VJ015694	1.00	ja
1245	RJ034739	1.00	ja
1246	VJ007356	1.00	ja
1255	VJ009810	1.00	en
1262	RJ01020541	1.00	ja
1271	VJ008117	1.00	ja
1273	VJ011262	1.00	ja
1274	VJ010508	1.00	ja
1275	VJ007259	1.00	ja
1278	VJ010219	1.00	ja
1279	VJ011375	1.00	ja
1280	VJ011451	1.00	ja
1281	VJ011592	1.00	ja
1282	VJ011725	1.00	ja
1284	VJ011977	1.00	ja
1285	VJ012064	1.00	ja
1286	VJ012209	1.00	ja
1287	VJ012325	1.00	ja
1288	VJ012432	1.00	ja
1289	VJ012670	1.00	ja
1290	VJ012879	1.00	ja
1291	VJ012993	1.00	ja
1292	VJ013122	1.00	ja
1293	VJ013689	1.00	ja
1294	VJ013891	1.00	ja
1295	VJ013961	1.00	ja
1296	VJ014634	1.00	ja
1297	VJ014782	1.00	ja
1298	VJ014933	1.00	ja
1299	VJ015125	1.00	ja
1300	VJ015653	1.00	ja
1301	VJ015784	1.00	ja
1307	VJ011648	1.00	ja
1308	VJ012877	1.00	ja
1319	RJ01222217	1.00	ja
1321	VJ012822	1.00	ja
1323	VJ011461	1.00	en
1324	VJ012980	1.00	ja
1327	VJ004746	1.00	ja
1328	VJ005696	1.00	ja
1332	VJ007312	1.00	ja
1333	VJ013486	1.00	ja
1334	VJ008011	1.00	ja
1335	VJ005215	1.00	ja
1336	VJ003950	1.00	ja
1337	VJ012271	1.00	ja
1339	RJ358705	1.00	en
1340	VJ013907	1.00	ja
1343	RJ01309156	1.00	ja
1345	VJ009437	1.00	ja
1349	VJ005108	1.00	ja
1350	VJ005370	1.00	ja
1351	VJ014374	1.00	ja
1352	RJ01294420	1.00	ja
1353	RJ111110	1.00	ja
1354	VJ004575	1.00	ja
1355	RJ291856	1.00	ja
1359	VJ013555	1.00	ja
1360	VJ009260	1.00	ja
1363	VJ001682	1.00	ja
1366	VJ010771	1.00	ja
1367	VJ014685	0.96	ja
1369	VJ002024	1.00	ja
1370	VJ014683	0.95	ja
1377	VJ014336	1.00	ja
1378	VJ010695	1.00	ja
1380	RJ047605	1.00	alias
1383	VJ010755	1.00	ja
1385	VJ007885	1.00	ja
1388	VJ013108	1.00	ja
1389	VJ014806	1.00	ja
1391	VJ010452	1.00	ja
1392	VJ014807	1.00	ja
1396	VJ014804	1.00	ja
1397	VJ014799	1.00	ja
1398	VJ014800	1.00	ja
1400	VJ014794	1.00	ja
1401	VJ011326	1.00	ja
1402	VJ014796	1.00	ja
1406	RJ328900	1.00	ja
1409	RJ031085	0.93	ja
1411	RJ047604	1.00	en
1413	RJ364465	1.00	ja
1420	RJ01239911	1.00	ja
1429	RJ01093457	1.00	ja
1431	VJ014934	1.00	ja
1435	VJ014098	1.00	ja
1437	VJ007508	1.00	ja
1444	VJ013933	1.00	ja
1451	VJ015387	1.00	ja
1460	RJ161756	1.00	ja
1462	VJ014021	1.00	ja
1465	VJ013398	1.00	alias
1468	RJ343825	1.00	ja
1469	VJ006332	1.00	ja
1470	VJ005023	1.00	ja
1471	VJ009277	1.00	ja
1472	VJ009820	1.00	ja
1473	VJ007923	1.00	ja
1475	VJ007799	1.00	ja
1480	VJ014550	1.00	ja
1483	VJ008500	1.00	ja
1484	VJ015690	1.00	ja
1485	VJ015705	1.00	ja
1487	VJ005251	1.00	ja
1488	RJ066016	1.00	ja
1489	VJ008445	1.00	ja
1493	VJ009542	1.00	ja
1498	RJ247186	1.00	en
1504	VJ011923	1.00	ja
1507	VJ005185	1.00	ja
1518	VJ005798	1.00	ja
1520	VJ006773	1.00	ja
1521	VJ011957	1.00	ja
1523	VJ002735	1.00	ja
1527	RJ272900	1.00	en
1528	RJ170840	1.00	en
1535	RJ204066	1.00	ja
1539	RJ126839	1.00	ja
1541	VJ008513	1.00	ja
1542	VJ006487	1.00	ja
1544	VJ015645	1.00	ja
1547	VJ009285	1.00	ja
1548	RJ219681	1.00	ja
1550	VJ010398	1.00	ja
1552	VJ010152	1.00	ja
1554	RJ174985	1.00	ja
1555	VJ012735	1.00	ja
1556	VJ012036	1.00	ja
1557	RJ298338	1.00	ja
1558	VJ015787	1.00	ja
1560	RJ01141121	1.00	ja
1568	VJ012676	1.00	ja
1569	RJ204938	1.00	ja
1570	RJ435614	1.00	ja
1571	VJ013564	1.00	ja
1572	RJ394799	1.00	ja
1573	RJ113708	1.00	ja
1574	RJ208246	1.00	ja
1576	VJ006571	1.00	ja
1577	VJ010346	1.00	ja
1579	VJ013720	1.00	ja
1580	RJ290194	1.00	ja
1582	VJ011156	1.00	ja
1585	RJ154958	1.00	ja
1587	VJ013583	1.00	ja
1589	RJ233623	0.91	ja
1592	RJ422703	1.00	ja
1593	RJ01088229	1.00	ja
1595	VJ008905	1.00	ja
1600	VJ012484	1.00	ja
1602	VJ004265	1.00	alias
1605	RJ01245269	1.00	ja
1607	RJ283039	1.00	ja
1609	VJ011541	1.00	ja
1610	VJ009451	1.00	ja
1612	VJ015386	1.00	ja
1617	VJ007827	1.00	ja
1618	VJ015291	1.00	ja
1619	RJ080563	1.00	alias
1620	VJ002890	1.00	ja
1621	VJ014725	1.00	ja
1622	VJ006764	1.00	ja
1623	RJ354914	1.00	ja
1624	RJ264149	1.00	ja
1625	VJ004869	1.00	ja
1626	VJ013622	1.00	ja
1628	RJ212553	1.00	ja
1630	VJ004756	1.00	ja
1632	VJ006117	1.00	ja
1636	RJ112139	1.00	ja
1638	VJ009350	1.00	alias
1645	VJ010418	1.00	ja
1646	VJ010417	1.00	ja
1648	VJ009515	1.00	ja
1651	VJ007241	1.00	alias
1652	VJ014965	1.00	ja
1654	VJ004581	1.00	ja
1655	VJ008453	0.73	zh
1657	VJ008116	1.00	ja
1661	RJ043317	1.00	ja
1663	VJ009499	1.00	ja
1668	VJ012981	1.00	zh
1670	VJ015103	1.00	ja
1671	VJ012444	1.00	ja
1673	VJ007085	1.00	ja
1674	VJ011088	1.00	ja
1678	RJ140035	1.00	ja
1680	VJ008973	1.00	ja
1681	VJ009470	1.00	ja
1683	VJ010478	1.00	ja
1684	RJ01208164	1.00	ja
1685	VJ013288	1.00	ja
1689	VJ011941	1.00	ja
1690	VJ013177	1.00	ja
1691	RJ01300224	1.00	ja
1694	VJ004554	1.00	ja
1695	VJ007240	1.00	ja
1696	RJ01037923	1.00	ja
1697	RJ146604	1.00	ja
1698	VJ015284	1.00	ja
1699	RJ01153311	1.00	ja
1700	VJ011029	1.00	ja
1701	VJ004701	1.00	alias
1702	VJ008985	1.00	ja
1703	VJ008029	1.00	ja
1705	VJ009847	1.00	ja
1707	VJ009665	1.00	ja
1712	VJ013662	1.00	ja
1713	VJ007498	1.00	alias
1714	RJ419937	1.00	ja
1715	VJ011816	1.00	ja
1718	VJ014495	1.00	ja
1720	VJ008980	1.00	ja
1734	VJ011067	1.00	ja
1738	VJ006030	1.00	ja
1740	VJ012838	1.00	ja
1741	VJ007628	1.00	ja
1743	RJ01026220	1.00	ja
1746	RJ124636	1.00	ja
1747	VJ014571	1.00	ja
1748	VJ006683	1.00	ja
1750	VJ010427	1.00	ja
1751	VJ011141	0.62	ja
1752	RJ332537	1.00	ja
1753	RJ332573	1.00	ja
1754	RJ393132	1.00	ja
1755	VJ003981	1.00	ja
1756	VJ005905	1.00	ja
1757	VJ006867	1.00	ja
1759	VJ008812	1.00	ja
1760	VJ009219	1.00	ja
1761	VJ006589	1.00	ja
1762	VJ006056	1.00	en
1763	VJ006532	1.00	ja
1765	RJ184864	1.00	ja
1767	VJ009664	1.00	ja
1772	RJ208421	1.00	ja
1775	VJ012574	1.00	ja
1776	VJ013483	1.00	ja
1783	RJ104472	1.00	ja
1788	VJ008873	1.00	ja
1792	VJ012926	1.00	ja
1793	VJ011683	1.00	ja
1794	RJ149874	1.00	ja
1795	VJ011825	1.00	ja
1796	VJ012990	1.00	ja
1797	VJ013575	1.00	ja
1798	VJ010244	1.00	ja
1800	RJ01303557	1.00	ja
1801	VJ004477	1.00	ja
1802	VJ005450	1.00	ja
1803	VJ012092	1.00	ja
1809	RJ049488	1.00	ja
1810	RJ087298	1.00	ja
1812	VJ010748	1.00	ja
1813	VJ009454	1.00	ja
1814	VJ009780	0.82	ja
1815	VJ010776	1.00	ja
1816	VJ008159	1.00	ja
1817	VJ009535	1.00	ja
1818	VJ011998	1.00	ja
1819	VJ009587	1.00	ja
1820	VJ008429	1.00	ja
1823	VJ010845	1.00	ja
1824	VJ011898	1.00	ja
1825	VJ012467	1.00	ja
1826	VJ009500	1.00	ja
1827	VJ013454	1.00	ja
1828	VJ004535	1.00	ja
1829	VJ011688	1.00	ja
1831	VJ009633	1.00	ja
1832	VJ010039	0.97	ja
1833	VJ010375	0.99	ja
1834	VJ012475	1.00	ja
1835	VJ012972	1.00	ja
1836	VJ013391	1.00	ja
1837	VJ013904	1.00	ja
1838	RJ240619	1.00	ja
1839	VJ008278	1.00	zh
1840	VJ008035	1.00	ja
1844	VJ010553	1.00	ja
1847	VJ011656	1.00	ja
1848	RJ01048672	1.00	ja
1849	RJ112466	1.00	ja
1851	VJ007994	1.00	ja
1853	VJ007853	1.00	ja
1854	RJ221906	1.00	ja
1855	VJ011520	1.00	en
1858	VJ011133	1.00	ja
1859	VJ011150	1.00	ja
1860	RJ188157	1.00	ja
1863	VJ007002	1.00	ja
1864	VJ008904	1.00	ja
1865	VJ009419	1.00	ja
1866	VJ008265	1.00	ja
1868	VJ007497	1.00	ja
1869	VJ008619	1.00	ja
1871	VJ012365	1.00	ja
1872	RJ238792	1.00	ja
1873	RJ223032	1.00	ja
1876	VJ011252	1.00	ja
1877	VJ010507	1.00	alias
1878	VJ009655	1.00	ja
1880	RJ119660	1.00	ja
1881	VJ009251	1.00	ja
1884	VJ004808	1.00	ja
1887	VJ009011	1.00	ja
1889	VJ008830	1.00	ja
1892	RJ169540	1.00	ja
1893	RJ112706	0.88	ja
1896	VJ009430	1.00	ja
1899	VJ013656	1.00	ja
1900	VJ013655	1.00	ja
1901	RJ273816	1.00	ja
1902	RJ260241	1.00	ja
1913	VJ014364	1.00	ja
1934	RJ082623	1.00	ja
1936	RJ157224	1.00	ja
1937	VJ014758	1.00	ja
1938	VJ013346	1.00	ja
1939	RJ023279	1.00	en
1942	VJ007677	1.00	ja
1944	RJ226879	0.71	ja
1946	RJ209044	1.00	ja
1949	VJ005037	1.00	ja
1953	VJ006175	0.79	ja
1955	VJ007583	1.00	ja
1960	VJ004412	1.00	ja
1964	RJ107807	1.00	alias
1965	VJ004337	1.00	en
1967	VJ014797	1.00	ja
1972	VJ010345	1.00	ja
1975	VJ009471	1.00	ja
1976	RJ01144406	1.00	ja
1977	VJ008956	1.00	ja
1979	VJ006197	1.00	ja
1980	VJ012363	1.00	ja
1981	VJ009936	1.00	ja
1983	RJ350820	1.00	ja
1985	RJ321194	1.00	ja
1986	RJ171858	1.00	ja
1987	RJ01069003	1.00	ja
1989	RJ01043101	1.00	ja
1990	VJ013376	1.00	ja
1992	VJ010562	1.00	ja
1993	VJ005907	1.00	ja
1995	VJ010419	1.00	ja
1998	VJ005231	1.00	ja
1999	VJ009980	1.00	ja
2000	RJ273731	1.00	ja
2001	RJ247646	1.00	ja
2002	VJ003906	1.00	ja
2003	RJ024441	1.00	ja
2004	VJ011819	1.00	ja
2005	RJ01197240	1.00	ja
2006	VJ007039	1.00	ja
2007	VJ012792	1.00	ja
2008	RJ01037636	1.00	ja
2009	RJ01094358	1.00	ja
2010	RJ281393	1.00	ja
2013	VJ003543	0.67	ja
2014	RJ164595	1.00	ja
2017	VJ013830	1.00	ja
2018	VJ012052	1.00	ja
2019	VJ006938	1.00	ja
2020	VJ011842	1.00	ja
2022	RJ021838	1.00	alias
2024	RJ093003	1.00	en
2025	VJ007969	1.00	ja
2026	VJ009318	1.00	ja
2028	VJ004197	1.00	ja
2030	VJ006586	1.00	ja
2032	RJ081887	1.00	ja
2034	RJ098769	1.00	ja
2035	VJ002824	1.00	alias
2038	VJ004745	1.00	ja
2040	RJ128539	1.00	ja
2041	VJ011852	1.00	ja
2043	VJ008961	1.00	ja
2046	RJ252911	1.00	ja
2048	RJ146888	1.00	ja
2049	VJ010640	1.00	ja
2050	VJ010692	1.00	ja
2051	VJ012290	1.00	ja
2053	VJ009391	1.00	ja
2055	VJ013576	1.00	ja
2057	VJ007522	1.00	ja
2059	VJ003446	1.00	ja
2064	RJ043090	1.00	ja
2066	VJ005703	0.73	en
2067	RJ111167	1.00	ja
2069	VJ007977	1.00	ja
2079	VJ005395	1.00	ja
2081	VJ013993	1.00	ja
2082	VJ006903	1.00	zh
2085	VJ008262	1.00	ja
2087	VJ007788	1.00	ja
2091	VJ011032	1.00	ja
2106	VJ007937	1.00	ja
2107	VJ010033	1.00	ja
2109	VJ008259	1.00	ja
2111	VJ009825	1.00	ja
2115	VJ013261	1.00	ja
2119	VJ004739	1.00	ja
2121	VJ010405	1.00	ja
2124	RJ150181	1.00	ja
2126	RJ274366	1.00	ja
2127	VJ012278	1.00	ja
2132	VJ003579	1.00	ja
2134	VJ003335	1.00	zh
2135	VJ006403	1.00	alias
2136	RJ048759	1.00	ja
2138	RJ112298	1.00	ja
2140	VJ005768	1.00	ja
2141	RJ233486	1.00	ja
2142	RJ278209	1.00	ja
2144	RJ065032	1.00	ja
2150	VJ005974	1.00	ja
2152	RJ01062398	0.97	ja
2153	VJ007285	1.00	ja
2155	VJ012567	1.00	ja
2156	RJ01124512	1.00	ja
2158	VJ015782	1.00	ja
2162	VJ002825	1.00	ja
2165	VJ007955	1.00	ja
2168	RJ108621	1.00	ja
2170	VJ008340	1.00	ja
2172	VJ009472	0.61	ja
2173	VJ006786	1.00	ja
2176	VJ004564	1.00	ja
2177	VJ003459	1.00	ja
2180	VJ012913	1.00	ja
2182	VJ012522	1.00	ja
2187	RJ119826	1.00	ja
2188	RJ175016	1.00	ja
2191	VJ007976	1.00	ja
2193	VJ010841	1.00	ja
2195	VJ007248	1.00	ja
2196	VJ006783	1.00	ja
2197	VJ002810	1.00	ja
2198	VJ007735	1.00	ja
2199	VJ005222	1.00	ja
2200	RJ082746	1.00	ja
2201	RJ102171	1.00	ja
2202	VJ004737	1.00	ja
2204	VJ008268	1.00	ja
2205	VJ007691	1.00	ja
2206	RJ173418	1.00	ja
2213	VJ013146	1.00	ja
2218	VJ008639	1.00	ja
2219	RJ01105713	1.00	ja
2220	VJ010698	1.00	ja
2221	VJ012915	1.00	ja
2222	VJ013114	1.00	ja
2223	VJ012388	1.00	ja
2230	VJ007718	1.00	ja
2231	RJ268893	1.00	ja
2234	VJ009035	1.00	ja
2235	VJ011726	1.00	ja
2240	RJ426948	1.00	ja
2241	VJ005183	1.00	ja
2242	VJ006254	1.00	alias
2244	RJ159877	1.00	ja
2246	VJ010588	1.00	ja
2247	VJ008185	1.00	ja
2249	RJ091388	1.00	ja
2251	VJ004370	0.87	ja
2254	RJ164037	1.00	ja
2255	RJ315204	1.00	ja
2256	VJ013223	1.00	ja
2257	RJ096364	1.00	alias
2258	VJ006462	1.00	ja
2259	RJ172534	1.00	ja
2260	VJ007336	1.00	ja
2262	VJ006759	1.00	ja
2263	VJ012893	1.00	ja
2264	VJ014783	1.00	ja
2265	VJ009829	1.00	ja
2266	VJ012252	1.00	ja
2267	VJ011560	1.00	ja
2270	VJ008301	1.00	ja
2271	VJ010850	1.00	ja
2272	RJ247829	1.00	ja
2274	VJ015453	1.00	ja
2275	VJ014882	1.00	ja
2277	VJ008957	1.00	ja
2278	VJ010992	1.00	ja
2279	VJ009830	1.00	ja
2284	RJ134347	1.00	ja
2286	VJ012675	1.00	ja
2287	VJ005686	1.00	ja
2289	VJ008230	1.00	ja
2290	VJ011181	1.00	ja
2291	RJ250899	1.00	ja
2292	RJ273017	1.00	ja
2299	VJ009526	1.00	ja
2301	VJ011132	1.00	ja
2302	VJ008936	1.00	ja
2308	VJ007582	1.00	en
2310	RJ138693	1.00	ja
2311	VJ011107	1.00	ja
2312	VJ008068	1.00	ja
2313	VJ008244	1.00	ja
2314	VJ007739	1.00	ja
2317	VJ005234	1.00	ja
2319	VJ011572	1.00	ja
2320	VJ005964	1.00	ja
2321	VJ008385	1.00	ja
2322	VJ012230	1.00	ja
2323	VJ002823	1.00	ja
2326	VJ010060	1.00	ja
2327	VJ004298	1.00	ja
2329	VJ013956	1.00	ja
2331	RJ415272	1.00	ja
2332	RJ004544	1.00	ja
2334	VJ008984	1.00	ja
2336	VJ010851	1.00	ja
2339	RJ291643	1.00	ja
2340	VJ009623	1.00	ja
2341	VJ013969	1.00	ja
2342	VJ007473	1.00	ja
2343	VJ007934	1.00	ja
2344	VJ013361	1.00	ja
2346	VJ005618	1.00	ja
2347	VJ010316	1.00	ja
2348	VJ011827	1.00	ja
2350	VJ010661	1.00	ja
2352	RJ124882	1.00	ja
2353	RJ142715	1.00	ja
2354	RJ093698	1.00	ja
2355	RJ161509	1.00	ja
2357	VJ011712	1.00	ja
2359	RJ177172	1.00	ja
2360	VJ008150	1.00	ja
2362	VJ013787	1.00	ja
2363	VJ013788	1.00	ja
2366	VJ007546	1.00	en
2368	VJ013487	1.00	ja
2369	RJ155836	1.00	ja
2370	VJ015737	1.00	ja
2372	RJ096641	1.00	ja
2376	VJ010926	1.00	ja
2379	RJ180940	1.00	en
2380	RJ214946	1.00	en
2382	VJ013363	1.00	ja
2384	VJ010313	1.00	ja
2385	VJ013226	1.00	ja
2386	VJ007092	1.00	ja
2389	RJ130997	1.00	ja
2391	VJ010294	1.00	ja
2392	VJ007564	1.00	ja
2393	VJ013076	1.00	ja
2395	RJ086631	1.00	ja
2396	VJ012587	1.00	ja
2397	RJ01097460	1.00	ja
2398	VJ010386	1.00	ja
2400	VJ009452	1.00	ja
2401	VJ009036	1.00	ja
2402	RJ110629	1.00	ja
2404	VJ015354	1.00	ja
2405	RJ111899	1.00	ja
2406	RJ161810	1.00	ja
2410	RJ166125	1.00	ja
2411	VJ013644	1.00	ja
2412	VJ006804	1.00	ja
2413	VJ007447	1.00	ja
2415	VJ007738	1.00	ja
2418	RJ085217	1.00	ja
2419	RJ435672	1.00	ja
2420	RJ203143	1.00	ja
2423	VJ012970	1.00	ja
2424	RJ01104618	1.00	ja
2425	VJ006873	1.00	ja
2431	VJ008695	1.00	ja
2432	RJ304660	1.00	ja
2434	RJ286753	1.00	ja
2435	VJ008326	1.00	ja
2443	VJ007272	1.00	ja
2446	RJ290854	1.00	ja
2447	VJ006750	1.00	ja
2449	RJ089706	1.00	ja
2454	VJ006857	1.00	ja
2456	VJ005960	0.90	ja
2457	VJ004544	1.00	ja
2458	VJ011366	1.00	ja
2459	VJ008395	1.00	ja
2460	RJ124952	1.00	ja
2461	RJ137561	1.00	ja
2462	RJ01079137	1.00	ja
2463	RJ316624	1.00	ja
2465	VJ006194	1.00	ja
2466	VJ005184	1.00	ja
2468	VJ009070	1.00	ja
2470	VJ008115	1.00	ja
2472	RJ102086	1.00	ja
2473	RJ153048	1.00	ja
2474	RJ304662	1.00	ja
2475	VJ010308	1.00	ja
2477	VJ002244	1.00	ja
2478	VJ003488	1.00	ja
2479	VJ009278	1.00	ja
2483	RJ244828	1.00	ja
2484	VJ014642	1.00	ja
2487	VJ009445	1.00	ja
2489	RJ114493	1.00	ja
2490	RJ01279330	1.00	ja
2491	VJ008517	1.00	ja
2492	VJ013789	1.00	ja
2493	VJ004569	0.67	alias
2494	RJ352848	1.00	ja
2497	VJ005874	1.00	ja
2499	VJ004473	1.00	ja
2500	RJ241853	1.00	ja
2502	RJ327292	1.00	ja
2503	VJ011217	1.00	ja
2504	VJ006427	1.00	ja
2505	VJ013104	1.00	ja
2509	VJ007871	1.00	ja
2510	VJ008003	1.00	ja
2512	VJ012335	1.00	ja
2513	VJ013726	1.00	ja
2515	VJ014958	1.00	ja
2519	VJ010844	1.00	ja
2520	RJ365031	1.00	ja
2526	VJ006327	1.00	ja
2527	RJ265100	1.00	ja
2529	VJ010083	1.00	en
2530	VJ011543	1.00	en
2532	RJ01095944	1.00	ja
2533	RJ292818	1.00	ja
2534	RJ01326398	1.00	ja
2535	VJ013364	1.00	ja
2536	RJ259033	1.00	ja
2539	RJ01356568	1.00	ja
2541	VJ001584	1.00	ja
2542	RJ108459	1.00	en
2543	VJ004768	1.00	ja
2548	VJ009565	1.00	ja
2549	RJ240620	1.00	ja
2555	VJ012106	1.00	ja
2556	VJ010187	1.00	ja
2557	VJ003801	1.00	en
2559	VJ008264	1.00	ja
2562	RJ173284	1.00	ja
2566	RJ144963	1.00	ja
2568	RJ233212	1.00	ja
2569	RJ042036	1.00	alias
2570	RJ109012	1.00	alias
2571	RJ132987	1.00	alias
2572	RJ162925	1.00	ja
2574	RJ293627	1.00	ja
2575	RJ244826	1.00	ja
2576	VJ009069	1.00	ja
2579	VJ008991	1.00	ja
2580	VJ010808	1.00	ja
2581	VJ015134	1.00	ja
2583	RJ132065	1.00	ja
2584	RJ229653	1.00	ja
2586	VJ010055	1.00	ja
2588	RJ229654	1.00	ja
2589	VJ009548	1.00	ja
2592	VJ009775	1.00	ja
2594	RJ081000	1.00	ja
2595	RJ01356482	1.00	ja
2598	RJ068375	1.00	ja
2600	RJ059004	1.00	ja
2601	RJ317017	1.00	ja
2606	VJ010847	1.00	ja
2609	RJ165050	1.00	ja
2612	VJ012518	1.00	ja
2616	RJ182003	1.00	ja
2619	RJ155822	1.00	ja
2624	RJ01050320	1.00	ja
2625	VJ009987	1.00	ja
2627	RJ01049094	1.00	ja
2628	VJ007108	1.00	ja
2629	RJ322248	1.00	ja
2630	RJ038471	1.00	ja
2632	RJ129308	1.00	ja
2635	VJ008022	1.00	ja
2636	VJ011307	1.00	ja
2637	VJ008485	1.00	ja
2639	RJ173283	1.00	ja
2640	RJ218630	1.00	ja
2641	RJ141577	1.00	ja
2642	VJ013207	1.00	ja
2644	RJ141894	1.00	ja
2645	VJ014377	1.00	ja
2647	VJ012751	1.00	ja
2648	VJ013631	1.00	ja
2649	RJ162255	1.00	ja
2650	VJ015042	1.00	ja
2651	RJ01059372	1.00	ja
2652	VJ009052	1.00	ja
2653	RJ133020	1.00	ja
2654	RJ164241	1.00	ja
2655	VJ013645	1.00	ja
2657	VJ011055	1.00	ja
2658	VJ012834	1.00	ja
2659	RJ138261	1.00	ja
2660	RJ01091982	1.00	ja
2661	RJ249406	1.00	ja
2662	VJ008300	1.00	en
2663	VJ006990	1.00	en
2664	VJ006484	1.00	en
2665	VJ012384	1.00	ja
2666	RJ179494	1.00	ja
2667	RJ183051	1.00	ja
2668	VJ001779	1.00	ja
2671	RJ190834	1.00	ja
2673	RJ088072	1.00	ja
2680	VJ009985	1.00	ja
2681	RJ275678	1.00	ja
2682	RJ01011214	1.00	ja
2688	RJ071090	1.00	ja
2690	VJ001714	0.77	alias
2691	VJ008151	1.00	ja
2692	VJ008887	1.00	ja
2693	VJ010147	1.00	ja
2694	VJ010278	1.00	ja
2695	VJ010367	1.00	ja
2696	VJ011897	1.00	ja
2697	VJ012643	1.00	ja
2698	RJ01030254	1.00	ja
2705	RJ249409	1.00	ja
2706	VJ014454	1.00	ja
2717	RJ218379	1.00	ja
2718	VJ011952	1.00	ja
2719	VJ011990	1.00	ja
2720	VJ012323	1.00	ja
2721	VJ012446	1.00	ja
2723	VJ012880	1.00	ja
2724	RJ150381	0.98	ja
2732	VJ007019	1.00	ja
2733	VJ005866	1.00	ja
2734	VJ005931	1.00	ja
2735	VJ006055	1.00	ja
2736	VJ005932	1.00	ja
2737	RJ168013	1.00	ja
2738	RJ017627	1.00	alias
2739	VJ005748	1.00	ja
2740	VJ006782	1.00	ja
2741	VJ007329	1.00	ja
2742	VJ008624	1.00	ja
2743	VJ009875	1.00	ja
2744	VJ009876	1.00	ja
2745	VJ011199	1.00	ja
2746	RJ148820	1.00	ja
2749	VJ012108	1.00	ja
2750	VJ012237	1.00	ja
2751	VJ013224	1.00	ja
2753	RJ112530	1.00	ja
2764	RJ01376875	1.00	ja
2765	RJ212459	1.00	ja
2767	RJ206728	1.00	ja
2769	RJ055320	1.00	ja
2778	RJ249408	1.00	ja
2784	VJ004330	1.00	ja
2785	RJ161461	1.00	ja
2789	VJ009687	1.00	ja
2792	RJ218381	1.00	ja
2798	VJ010320	1.00	ja
2799	VJ002397	0.93	ja
2801	VJ011034	1.00	ja
2802	VJ010141	1.00	ja
2807	RJ187513	1.00	ja
2816	VJ006445	1.00	ja
2818	VJ010905	1.00	ja
2819	VJ006446	1.00	alias
2820	RJ233076	1.00	ja
2821	RJ085620	1.00	ja
2822	RJ229655	1.00	ja
2833	VJ011198	1.00	alias
2838	RJ236737	1.00	ja
2842	RJ123839	1.00	ja
2843	VJ005131	1.00	ja
2849	VJ004426	1.00	ja
2860	VJ004358	1.00	ja
2870	VJ007987	1.00	ja
2872	RJ070365	1.00	ja
2874	VJ009208	1.00	ja
2875	VJ009210	1.00	ja
2888	VJ011291	1.00	ja
2890	VJ009202	1.00	ja
2894	VJ007470	1.00	ja
2896	VJ007518	1.00	ja
2899	RJ184574	1.00	ja
2900	RJ103765	1.00	ja
2901	VJ009203	1.00	ja
2904	VJ009204	1.00	ja
2905	VJ009205	1.00	ja
2906	VJ009206	1.00	ja
2907	VJ009207	1.00	ja
2908	VJ009209	1.00	ja
2910	RJ087177	1.00	ja
2911	RJ058528	1.00	ja
2912	RJ054616	1.00	ja
2913	RJ081412	1.00	ja
2914	RJ142794	1.00	ja
2915	VJ005275	1.00	ja
2916	VJ007860	1.00	ja
2917	RJ294175	1.00	ja
2919	RJ044694	1.00	ja
2920	VJ006392	1.00	ja
2921	VJ006176	1.00	ja
2926	VJ007523	1.00	en
2927	VJ009993	1.00	ja
2930	VJ004563	1.00	ja
2933	VJ003877	1.00	ja
2934	VJ005893	1.00	ja
2935	VJ005786	1.00	ja
2939	VJ009514	1.00	en
2942	VJ014326	1.00	ja
2946	VJ010792	1.00	ja
2947	VJ007083	1.00	ja
2948	VJ010258	1.00	ja
2949	VJ008777	1.00	ja
2950	VJ007014	1.00	ja
2952	VJ004247	1.00	ja
2953	VJ008886	1.00	ja
2954	VJ009504	1.00	ja
2955	VJ010110	1.00	ja
2956	VJ011347	1.00	ja
2957	VJ011682	1.00	ja
2958	VJ012442	1.00	ja
2959	RJ190754	1.00	ja
2962	VJ002605	0.76	ja
2963	VJ012441	1.00	ja
2964	VJ012922	1.00	ja
2966	VJ008290	1.00	ja
2967	VJ013461	1.00	ja
2968	VJ013432	1.00	ja
2969	VJ013462	1.00	ja
2974	RJ131252	1.00	ja
2976	VJ006031	1.00	ja
2980	VJ001640	1.00	ja
2983	RJ083771	1.00	ja
2985	VJ007826	1.00	ja
2987	VJ012022	1.00	ja
2988	VJ012767	1.00	ja
2995	VJ008785	1.00	ja
3002	VJ009065	1.00	ja
3004	VJ001643	1.00	ja
3005	VJ001642	1.00	ja
3008	VJ010623	1.00	ja
3009	VJ010617	1.00	ja
3011	VJ012553	1.00	ja
3013	VJ011783	0.75	ja
3014	VJ013585	1.00	ja
3015	VJ009413	1.00	ja
3017	VJ008829	1.00	ja
3018	VJ004949	0.91	ja
3019	VJ008302	1.00	ja
3021	VJ001641	1.00	ja
3023	VJ002448	1.00	ja
3024	VJ002447	1.00	alias
3025	VJ002142	0.92	ja
3026	VJ009615	1.00	ja
3029	VJ012654	1.00	alias
3032	VJ002278	1.00	ja
3034	RJ257172	1.00	ja
3035	VJ013905	1.00	ja
3037	VJ014801	1.00	en
3038	VJ014948	1.00	en
3040	RJ090148	1.00	ja
3043	VJ002141	1.00	ja
3044	VJ002452	1.00	ja
3046	VJ011906	1.00	ja
3050	VJ002529	1.00	ja
3051	VJ003485	1.00	ja
3053	VJ009513	1.00	ja
3054	VJ006634	1.00	alias
3055	RJ062756	1.00	ja
3058	RJ342715	1.00	ja
3059	RJ105834	1.00	en
3068	RJ01333591	1.00	ja
3072	RJ175431	1.00	ja
3075	VJ008606	1.00	ja
3082	VJ012389	1.00	alias
3087	VJ004666	1.00	ja
3088	VJ009538	1.00	ja
3090	VJ008538	1.00	ja
3095	RJ437725	1.00	ja
3096	VJ010399	1.00	ja
3097	VJ011404	1.00	ja
3098	VJ012229	1.00	ja
3099	VJ013032	1.00	ja
3103	RJ105046	1.00	ja
3104	VJ012409	1.00	ja
3106	VJ013424	1.00	ja
3107	VJ010740	1.00	ja
3109	VJ005894	1.00	ja
3110	RJ101066	1.00	ja
3111	VJ006426	1.00	en
3113	RJ255493	1.00	ja
3115	RJ01407125	0.94	ja
3117	VJ010529	1.00	ja
3120	RJ198131	1.00	ja
3121	VJ005942	0.67	en
3122	RJ050526	1.00	ja
3123	RJ352852	1.00	ja
3124	RJ322556	1.00	ja
3126	RJ01083748	1.00	ja
3128	RJ275677	1.00	ja
3129	VJ010842	1.00	ja
3131	VJ006972	1.00	en
3132	VJ006904	1.00	zh
3133	VJ004740	1.00	en
3135	VJ002304	1.00	ja
3138	RJ080542	1.00	ja
3139	VJ012440	1.00	ja
3140	VJ012084	1.00	ja
3141	RJ059538	1.00	ja
3142	RJ067296	1.00	ja
3143	RJ073220	1.00	ja
3145	VJ011763	1.00	ja
3146	VJ015296	1.00	ja
3148	VJ007414	0.97	alias
3149	RJ316614	1.00	ja
3153	VJ013237	1.00	ja
3154	VJ014013	1.00	ja
3155	RJ399957	1.00	ja
3156	VJ012037	1.00	ja
3158	VJ014711	1.00	ja
3159	VJ015297	1.00	ja
3161	VJ010328	1.00	ja
3163	VJ015102	1.00	ja
3164	VJ015145	1.00	ja
3165	VJ015234	1.00	ja
3166	VJ006014	1.00	en
3169	VJ011489	1.00	ja
3170	RJ01406642	1.00	ja
3177	RJ01052320	1.00	ja
3179	RJ01402588	1.00	ja
3180	VJ002783	1.00	en
3186	RJ01092432	1.00	ja
3188	VJ007600	1.00	ja
3190	VJ009629	1.00	ja
3191	VJ009262	1.00	ja
3192	VJ011539	1.00	ja
3193	VJ015624	1.00	ja
3196	VJ013642	1.00	en
3197	RJ198133	1.00	ja
3198	VJ005026	1.00	ja
3201	VJ008512	1.00	ja
3202	VJ013290	1.00	ja
3205	VJ007696	1.00	ja
3212	VJ009313	1.00	en
3213	VJ009614	1.00	ja
3214	VJ009374	1.00	ja
3215	VJ009432	1.00	en
3218	VJ008799	1.00	ja
3219	VJ008860	1.00	ja
3220	VJ008898	1.00	ja
3223	RJ277913	1.00	ja
3224	VJ015685	1.00	ja
3228	RJ082545	1.00	ja
3229	VJ012872	1.00	ja
3230	RJ048890	1.00	ja
3233	VJ004153	1.00	ja
3234	VJ012186	1.00	ja
3237	VJ015816	1.00	ja
3238	VJ003624	1.00	ja
3239	RJ178574	1.00	ja
3241	RJ165211	1.00	ja
3242	VJ007783	1.00	ja
3243	VJ007773	1.00	ja
3244	RJ061516	1.00	ja
3245	RJ117178	1.00	ja
3246	RJ141841	1.00	ja
3247	RJ022726	1.00	ja
3248	RJ168655	1.00	ja
3249	RJ190495	1.00	ja
3250	VJ002472	1.00	ja
3254	VJ004916	1.00	ja
3255	VJ004540	1.00	ja
3258	VJ005980	1.00	ja
3259	VJ012802	1.00	ja
3260	VJ004873	1.00	en
3262	VJ007299	1.00	ja
3265	VJ004262	1.00	ja
3267	RJ01296614	1.00	ja
3269	VJ007771	1.00	alias
3270	VJ005307	1.00	zh
3273	VJ001680	1.00	ja
3274	VJ001676	1.00	ja
3277	VJ003687	1.00	ja
3278	RJ221849	1.00	ja
3279	RJ01119288	1.00	ja
3280	RJ309761	1.00	ja
3281	RJ079747	1.00	ja
3282	RJ01016538	1.00	ja
3283	VJ007363	1.00	ja
3284	VJ010434	1.00	ja
3285	VJ004315	1.00	ja
3286	VJ003900	1.00	ja
3287	VJ003919	1.00	ja
3289	VJ006825	1.00	ja
3294	VJ010184	1.00	ja
3295	VJ009919	1.00	ja
3296	RJ01102278	1.00	ja
3299	VJ002428	1.00	ja
3300	VJ002790	1.00	ja
3301	VJ003815	1.00	ja
3302	VJ002672	1.00	ja
3312	VJ004516	1.00	ja
3316	VJ006915	1.00	ja
3317	VJ006916	1.00	ja
3318	VJ006950	0.84	ja
3319	VJ005529	1.00	ja
3320	VJ005061	1.00	ja
3321	VJ004933	1.00	ja
3322	VJ005018	1.00	ja
3325	VJ005226	1.00	ja
3326	RJ122353	1.00	ja
3327	VJ005191	1.00	ja
3328	RJ143790	1.00	ja
3333	VJ001514	1.00	ja
3341	VJ013898	1.00	ja
3345	RJ153032	1.00	ja
3346	RJ144838	1.00	ja
3348	RJ155521	1.00	ja
3349	RJ133765	1.00	ja
3350	RJ077791	1.00	ja
3351	RJ048404	1.00	ja
3353	VJ004335	1.00	ja
3358	RJ322557	1.00	ja
3369	VJ008382	1.00	ja
3371	VJ007573	1.00	ja
3376	RJ120993	1.00	ja
3378	VJ014777	1.00	ja
3382	VJ004825	1.00	ja
3383	VJ014680	1.00	en
3385	VJ007308	1.00	ja
3386	VJ008786	1.00	ja
3388	VJ011313	1.00	ja
3389	VJ002725	1.00	en
3390	VJ001657	1.00	ja
3392	VJ007324	1.00	alias
3393	VJ007776	1.00	ja
3394	VJ009444	1.00	ja
3395	RJ042353	1.00	ja
3398	VJ015019	1.00	ja
3402	VJ005210	1.00	ja
3403	VJ006941	1.00	en
3404	RJ01127013	1.00	ja
3405	VJ002881	1.00	en
3406	VJ008037	1.00	en
3407	VJ005991	1.00	ja
3413	VJ011680	0.76	ja
3416	VJ012941	1.00	ja
3417	VJ012942	1.00	ja
3421	VJ009870	1.00	ja
3422	VJ001896	1.00	ja
3423	VJ004907	1.00	ja
3424	RJ043916	1.00	ja
3425	VJ006050	1.00	ja
3426	RJ046144	1.00	ja
3427	RJ043117	1.00	ja
3428	VJ009042	1.00	ja
3429	VJ009530	1.00	ja
3432	RJ059877	1.00	ja
3433	VJ006544	1.00	ja
3434	VJ008965	1.00	ja
3435	VJ007471	1.00	zh
3437	VJ006717	1.00	zh
3438	VJ003531	1.00	zh
3439	VJ005004	0.86	zh
3440	VJ005250	0.75	en
3446	VJ007273	1.00	alias
3447	VJ003945	1.00	ja
3451	RJ280974	1.00	ja
3455	RJ01128163	1.00	ja
3456	RJ01071861	1.00	ja
3462	VJ011272	1.00	en
3463	VJ004284	1.00	en
3464	VJ005441	1.00	en
3468	VJ009120	1.00	en
3469	VJ011999	1.00	en
3470	VJ014641	1.00	en
3471	VJ003810	1.00	en
3472	VJ010652	1.00	en
3474	VJ012422	1.00	ja
3475	VJ012423	1.00	ja
3476	VJ011496	1.00	ja
3477	VJ011497	1.00	ja
3478	VJ013696	1.00	ja
3479	VJ015307	1.00	ja
3480	VJ013695	1.00	ja
3482	VJ012424	1.00	ja
3485	VJ015313	1.00	ja
3487	VJ013697	1.00	ja
3488	VJ015308	1.00	ja
3489	VJ015311	1.00	ja
3500	VJ013925	1.00	ja
3501	VJ010000	1.00	ja
3502	VJ007721	1.00	ja
3503	VJ010931	1.00	ja
3504	VJ011332	1.00	ja
3505	VJ008207	1.00	ja
3507	VJ006012	1.00	ja
3508	VJ007930	1.00	ja
3509	VJ010849	1.00	ja
3510	VJ013176	0.94	ja
3511	VJ015053	1.00	ja
3514	VJ005674	1.00	ja
3515	VJ009132	1.00	ja
3516	VJ010475	1.00	ja
3517	VJ010727	1.00	ja
3519	VJ014629	1.00	ja
3521	VJ008522	1.00	ja
3522	VJ011563	1.00	alias
3524	VJ011228	1.00	alias
3525	VJ012777	1.00	ja
3526	RJ132042	1.00	ja
3527	RJ378874	1.00	ja
3528	VJ008797	1.00	ja
3529	VJ013721	1.00	ja
3530	VJ013674	1.00	ja
3531	VJ013678	1.00	ja
3533	RJ076200	1.00	ja
3534	VJ007180	1.00	ja
3535	VJ008260	1.00	ja
3536	VJ009138	1.00	zh
3539	VJ012678	0.80	zh
3540	VJ012679	1.00	ja
3541	VJ011408	1.00	ja
3543	RJ159094	1.00	ja
3544	VJ004193	1.00	ja
3545	RJ036168	1.00	ja
3546	RJ01126272	1.00	ja
3547	RJ269227	1.00	ja
3550	VJ007556	1.00	ja
3553	VJ002792	1.00	ja
3554	VJ008823	1.00	ja
3556	VJ010225	1.00	ja
3557	VJ011886	1.00	ja
3559	RJ277837	1.00	ja
3560	RJ040560	1.00	ja
3561	VJ002536	1.00	ja
3562	VJ007752	1.00	ja
3563	RJ205076	1.00	ja
3565	VJ008231	1.00	ja
3567	VJ010456	1.00	ja
3568	VJ004223	1.00	ja
3569	VJ010882	1.00	ja
3570	VJ002860	1.00	ja
3571	VJ008024	1.00	ja
3573	VJ003780	1.00	ja
3574	VJ006553	1.00	ja
3575	VJ004230	1.00	ja
3576	VJ001456	1.00	ja
3577	RJ123125	1.00	ja
3578	VJ012178	1.00	ja
3579	VJ009152	1.00	ja
3580	VJ012259	1.00	ja
3581	RJ096409	1.00	ja
3585	VJ008696	1.00	ja
3586	VJ007774	1.00	ja
3590	VJ014688	1.00	alias
3592	VJ008424	1.00	ja
3593	VJ015513	1.00	ja
3596	RJ087829	1.00	ja
3597	RJ376315	1.00	ja
3604	VJ006864	1.00	ja
3605	VJ010846	1.00	ja
3606	VJ011369	1.00	ja
3607	VJ012644	1.00	ja
3608	VJ008519	1.00	ja
3612	VJ010560	1.00	ja
3613	RJ080981	1.00	ja
3614	VJ014081	1.00	ja
3615	VJ010838	1.00	en
3616	VJ010836	1.00	ja
3617	VJ014080	1.00	ja
3619	VJ010837	1.00	ja
3620	VJ010839	1.00	ja
3621	RJ156589	1.00	ja
3622	VJ004681	1.00	ja
3623	VJ013020	1.00	ja
3624	VJ007723	1.00	ja
3625	VJ009183	1.00	ja
3627	VJ004347	1.00	ja
3628	VJ004292	1.00	ja
3630	VJ006641	1.00	ja
3634	VJ011319	1.00	ja
3635	VJ009415	1.00	ja
3636	VJ010139	1.00	ja
3637	VJ013862	1.00	ja
3643	RJ308908	1.00	ja
3645	VJ009182	1.00	ja
3646	VJ007757	1.00	ja
3647	VJ015825	1.00	ja
3648	VJ006942	1.00	alias
3649	VJ006670	1.00	ja
3650	VJ006685	1.00	ja
3653	VJ002571	1.00	ja
3654	VJ015741	1.00	ja
3655	VJ014759	1.00	en
3660	VJ012955	1.00	alias
3661	RJ113804	1.00	ja
3662	VJ002457	0.60	ja
3663	VJ007846	1.00	ja
3664	VJ002458	1.00	ja
3665	VJ009307	1.00	ja
3666	VJ004742	0.67	ja
3667	VJ006195	1.00	ja
3668	VJ008044	1.00	ja
3669	VJ008036	1.00	ja
3670	RJ180707	1.00	ja
3672	VJ003832	1.00	ja
3675	VJ009150	1.00	ja
3677	VJ003500	1.00	ja
3678	VJ012302	1.00	ja
3679	VJ001348	1.00	ja
3680	VJ001337	1.00	ja
3681	VJ001334	1.00	ja
3682	VJ001344	1.00	ja
3683	VJ001329	1.00	ja
3684	VJ001342	1.00	ja
3685	VJ001277	1.00	ja
3686	VJ001330	1.00	ja
3687	VJ001331	1.00	ja
3688	VJ001887	1.00	ja
3689	VJ001340	0.71	ja
3690	VJ001347	1.00	ja
3691	VJ001336	1.00	ja
3692	VJ001338	1.00	ja
3693	VJ001341	1.00	ja
3694	VJ001332	1.00	ja
3695	VJ001333	1.00	ja
3697	VJ001346	1.00	ja
3699	VJ011518	1.00	ja
3701	VJ005801	1.00	ja
3703	RJ254337	1.00	ja
3710	RJ157436	1.00	ja
3711	RJ181356	1.00	ja
3713	VJ006718	1.00	ja
3714	RJ01034984	1.00	ja
3715	VJ007704	1.00	ja
3716	RJ01431478	1.00	ja
3717	VJ008084	1.00	ja
3719	VJ008590	1.00	ja
3720	VJ005303	1.00	ja
3721	VJ007364	1.00	ja
3722	VJ008128	1.00	ja
3724	VJ008592	1.00	ja
3725	VJ009681	1.00	ja
3726	VJ011517	1.00	ja
3727	VJ005667	1.00	ja
3728	VJ007761	1.00	ja
3729	VJ008130	1.00	ja
3730	VJ008593	1.00	ja
3731	VJ009420	1.00	ja
3732	VJ010889	1.00	ja
3734	RJ051483	1.00	ja
3735	RJ157313	1.00	ja
3737	RJ215450	1.00	ja
3738	RJ161603	1.00	ja
3739	RJ196159	1.00	ja
3740	RJ01118675	1.00	ja
3741	VJ008930	1.00	ja
3742	RJ087719	1.00	ja
3743	VJ006596	1.00	ja
3744	VJ013026	1.00	ja
3746	VJ003960	1.00	ja
3749	VJ008988	1.00	alias
3752	VJ003580	1.00	ja
3756	VJ001317	1.00	ja
3758	RJ228459	1.00	ja
3761	VJ007935	1.00	ja
3766	VJ001371	1.00	ja
3767	VJ002572	1.00	ja
3768	RJ01309519	1.00	ja
3773	VJ004902	1.00	ja
3778	VJ007352	1.00	en
3779	VJ012843	1.00	ja
3780	RJ040750	1.00	ja
3781	RJ174369	1.00	ja
3782	VJ006010	1.00	en
3785	RJ01052998	1.00	ja
3786	VJ007167	1.00	ja
3792	VJ001822	1.00	zh
3796	RJ172013	1.00	ja
3799	RJ084784	1.00	ja
3802	RJ01422252	1.00	ja
3805	RJ177880	1.00	ja
3806	RJ336042	1.00	ja
3807	RJ01053227	1.00	ja
3808	RJ133220	1.00	ja
3809	RJ251926	1.00	ja
3810	VJ010288	1.00	ja
3811	RJ155653	1.00	ja
3813	RJ01167674	1.00	ja
3815	VJ008626	1.00	en
3820	RJ245808	1.00	ja
3822	VJ004136	1.00	ja
3824	RJ157316	1.00	ja
3826	VJ004828	1.00	ja
3832	RJ318092	1.00	ja
3833	VJ005765	1.00	ja
3834	VJ011673	1.00	ja
3835	VJ011479	1.00	ja
3836	VJ012081	1.00	ja
3837	VJ012453	1.00	ja
3838	VJ010643	1.00	ja
3840	VJ012882	1.00	ja
3841	VJ013962	1.00	ja
3842	VJ007693	1.00	ja
3843	VJ008218	1.00	ja
3844	VJ007830	1.00	ja
3845	RJ266991	1.00	ja
3855	VJ011971	1.00	ja
3856	RJ141124	1.00	ja
3859	VJ011767	1.00	ja
3860	RJ01439351	1.00	ja
3862	VJ011368	1.00	ja
3872	VJ014947	1.00	ja
3873	VJ009757	1.00	ja
3874	VJ013333	1.00	ja
3883	VJ004652	1.00	ja
3884	VJ001959	1.00	ja
3885	VJ004718	1.00	ja
3886	VJ007434	1.00	ja
3887	VJ008187	1.00	ja
3888	RJ141819	1.00	ja
3893	RJ024106	1.00	ja
3894	RJ028360	1.00	ja
3895	RJ034368	1.00	ja
3899	VJ002336	0.91	ja
3901	VJ007282	1.00	ja
3902	VJ003739	1.00	ja
3903	VJ003864	1.00	ja
3904	VJ003808	1.00	ja
3909	RJ117794	1.00	ja
3914	VJ002510	1.00	ja
3915	VJ002592	1.00	ja
3916	VJ004398	1.00	ja
3917	VJ005304	1.00	ja
3918	VJ007389	1.00	ja
3920	VJ004321	1.00	ja
3922	RJ253459	1.00	ja
3923	RJ01324212	1.00	ja
3928	VJ001415	1.00	ja
3929	VJ002476	1.00	ja
3930	VJ003489	1.00	ja
3931	VJ003601	1.00	ja
3932	VJ004272	1.00	ja
3934	VJ008544	1.00	en
3935	VJ008641	1.00	ja
3936	VJ009083	1.00	ja
3937	VJ009084	1.00	ja
3938	VJ009396	1.00	ja
3939	VJ010004	1.00	ja
3942	VJ005012	1.00	ja
3946	RJ01277796	1.00	ja
3948	VJ003572	1.00	ja
3949	RJ037617	1.00	ja
3951	RJ01426080	1.00	ja
3952	RJ293728	1.00	ja
3953	RJ01432103	1.00	ja
3954	VJ009270	1.00	ja
3955	RJ197014	1.00	ja
3956	VJ007295	1.00	ja
3960	RJ01445130	1.00	ja
3961	RJ435543	1.00	ja
3962	RJ153481	1.00	ja
3963	RJ01389685	1.00	ja
3964	VJ008459	1.00	ja
3965	RJ153311	1.00	ja
3970	VJ006988	1.00	alias
3972	VJ004348	0.88	ja
3978	RJ247062	1.00	ja
3979	VJ007882	1.00	ja
3980	RJ01235654	1.00	ja
3982	VJ008059	1.00	ja
3985	RJ190655	1.00	ja
3986	VJ004291	1.00	en
3987	RJ073835	1.00	ja
3989	VJ005966	1.00	ja
3991	VJ006178	1.00	ja
3992	RJ224455	1.00	ja
3993	VJ011964	1.00	ja
3994	RJ253321	1.00	ja
3996	RJ167943	1.00	ja
3997	RJ031762	1.00	ja
3998	RJ135224	1.00	ja
3999	RJ044909	1.00	ja
4000	RJ296472	1.00	ja
4001	RJ304714	1.00	ja
4002	VJ005439	0.96	en
4004	RJ01394012	1.00	ja
4005	RJ165799	1.00	ja
4007	VJ003353	1.00	ja
4008	VJ005741	1.00	en
4009	RJ298335	1.00	ja
4010	VJ004769	1.00	ja
4011	VJ004772	1.00	ja
4012	VJ005309	1.00	ja
4014	VJ008406	1.00	ja
4015	RJ188070	1.00	ja
4016	VJ005078	1.00	ja
4018	VJ004906	1.00	ja
4020	VJ004832	1.00	ja
4021	VJ005485	1.00	alias
4022	VJ006058	1.00	ja
4023	VJ006058	0.70	ja
4024	VJ006058	0.70	ja
4025	VJ005352	1.00	ja
4026	VJ005128	1.00	alias
4028	VJ003341	1.00	ja
4030	VJ004818	1.00	ja
4031	VJ007736	1.00	alias
4032	RJ01064403	1.00	ja
4033	RJ084196	1.00	ja
4034	VJ003845	1.00	en
4037	VJ007442	0.75	ja
4038	RJ097640	1.00	ja
4039	VJ005197	1.00	ja
4041	VJ015101	1.00	ja
4045	VJ003359	0.75	ja
4047	VJ003515	1.00	ja
4048	RJ064478	1.00	ja
4049	VJ003360	1.00	alias
4050	VJ003361	1.00	en
4051	VJ005912	1.00	ja
4053	VJ010311	1.00	ja
4054	VJ010555	1.00	ja
4055	VJ011185	1.00	ja
4056	VJ011889	1.00	ja
4057	VJ012996	1.00	ja
4058	VJ013776	1.00	ja
4059	VJ014737	1.00	ja
4060	VJ005449	1.00	en
4061	VJ005325	1.00	en
4062	VJ003342	1.00	ja
4064	VJ011053	1.00	ja
4065	VJ001705	1.00	ja
4066	VJ004885	1.00	ja
4067	VJ004886	1.00	ja
4071	RJ340110	1.00	ja
4072	VJ009560	1.00	ja
4073	VJ009932	1.00	ja
4074	VJ011853	1.00	alias
4081	VJ006068	1.00	ja
4090	RJ264757	1.00	ja
4091	VJ008015	1.00	ja
4093	VJ002481	1.00	ja
4094	VJ005269	1.00	ja
4095	VJ004598	1.00	ja
4096	VJ006546	1.00	ja
4098	VJ002820	1.00	ja
4099	VJ004599	1.00	ja
4100	RJ190156	1.00	ja
4104	VJ005688	0.90	ja
4106	VJ005429	1.00	ja
4107	VJ005416	1.00	ja
4109	VJ004800	0.75	ja
4112	VJ004811	1.00	ja
4115	VJ005608	1.00	ja
4116	VJ005653	1.00	ja
4117	VJ004771	1.00	ja
4118	VJ003354	1.00	ja
4119	RJ030230	1.00	ja
4120	VJ002834	1.00	ja
4124	VJ015243	1.00	ja
4125	RJ016778	1.00	en
4126	RJ018503	1.00	en
4127	RJ022853	1.00	ja
4129	VJ001452	1.00	alias
4130	VJ001453	1.00	ja
4131	VJ002443	1.00	ja
4132	VJ003841	1.00	ja
4133	VJ002460	1.00	ja
4135	VJ003871	1.00	ja
4137	VJ002384	1.00	en
4138	VJ003883	1.00	ja
4139	VJ002475	1.00	en
4142	RJ407278	1.00	ja
4145	RJ080719	1.00	ja
4146	RJ028571	1.00	ja
4147	RJ035062	1.00	ja
4148	RJ044642	1.00	ja
4149	RJ056499	1.00	ja
4150	VJ001915	1.00	ja
4152	VJ008542	1.00	en
4154	RJ062942	1.00	ja
4155	RJ074890	1.00	ja
4156	RJ088116	1.00	ja
4156	RJ090411	1.00	ja
4157	RJ090411	1.00	ja
4158	RJ102447	1.00	ja
4159	RJ123356	1.00	ja
4160	RJ143508	1.00	ja
4161	RJ200798	1.00	ja
4168	RJ202277	1.00	ja
4169	RJ091218	1.00	ja
4170	RJ01000965	1.00	ja
4171	VJ009935	1.00	ja
4172	VJ007554	1.00	ja
4176	VJ011616	1.00	ja
4190	RJ017134	1.00	ja
4193	RJ159781	1.00	ja
4200	VJ010467	1.00	ja
4201	RJ080978	1.00	ja
4202	VJ013374	1.00	ja
4207	VJ007361	1.00	ja
4208	VJ005101	1.00	ja
4209	RJ01468778	1.00	ja
4210	VJ001272	1.00	ja
4211	RJ021548	1.00	ja
4216	VJ015790	1.00	ja
4218	VJ008449	1.00	ja
4220	RJ185175	1.00	en
4221	VJ006029	1.00	ja
4223	RJ031032	1.00	ja
4224	RJ027213	1.00	ja
4229	RJ101198	1.00	ja
4230	VJ003333	1.00	ja
4234	VJ006508	1.00	ja
4235	VJ006905	1.00	ja
4236	VJ012158	1.00	zh
4237	RJ132085	1.00	ja
4243	VJ005729	1.00	ja
4248	VJ005376	1.00	ja
4249	RJ095517	1.00	ja
4258	RJ179037	1.00	ja
4264	RJ088896	1.00	zh
4266	VJ011914	1.00	ja
4268	RJ188734	1.00	ja
4270	VJ001078	1.00	ja
4274	VJ006876	1.00	en
4276	RJ103870	1.00	ja
4279	VJ007732	1.00	ja
4280	RJ185722	1.00	ja
4282	RJ100803	0.98	ja
4285	RJ115697	1.00	ja
4287	VJ011913	1.00	ja
4288	VJ008226	1.00	alias
4289	RJ114284	1.00	ja
4292	VJ004261	1.00	ja
4296	RJ118597	1.00	alias
4298	RJ143025	1.00	ja
4299	VJ014643	1.00	ja
4300	VJ010494	1.00	ja
4301	VJ013241	1.00	ja
4303	VJ005025	1.00	ja
4305	VJ015802	1.00	ja
4312	RJ058648	1.00	ja
4319	VJ006322	1.00	ja
4320	VJ006321	1.00	alias
4322	RJ140284	1.00	ja
4323	VJ013546	1.00	ja
4324	RJ128285	1.00	ja
4325	VJ002607	1.00	ja
4326	RJ01101412	1.00	ja
4328	VJ013646	1.00	ja
4329	VJ010843	1.00	ja
4330	VJ010728	1.00	ja
4332	VJ006079	1.00	ja
4334	RJ01120067	1.00	ja
4335	VJ005129	1.00	ja
4337	VJ003648	0.94	ja
4338	VJ003786	0.94	ja
4339	VJ003903	0.81	ja
4340	VJ012864	1.00	en
4341	RJ036518	1.00	ja
4342	RJ056933	1.00	ja
4343	VJ003962	1.00	ja
4344	RJ061320	1.00	ja
4345	VJ002401	1.00	ja
4346	VJ004488	1.00	ja
4347	RJ081303	1.00	ja
4348	VJ004578	1.00	ja
4349	VJ002158	1.00	ja
4350	RJ086892	1.00	ja
4351	VJ002845	1.00	ja
4352	VJ001639	1.00	ja
4355	VJ001637	1.00	ja
4356	RJ015622	1.00	en
4359	VJ001638	1.00	ja
4360	VJ002446	1.00	ja
4361	VJ007087	1.00	ja
4362	RJ125755	1.00	ja
4363	RJ139018	1.00	ja
4364	RJ065716	1.00	ja
4365	VJ006833	1.00	ja
4368	VJ008516	1.00	ja
4369	RJ156131	1.00	ja
4370	RJ181514	1.00	ja
4372	VJ005800	1.00	ja
4373	RJ374808	1.00	ja
4377	RJ035189	1.00	ja
4378	VJ006477	1.00	ja
4379	VJ011354	1.00	ja
4380	VJ007284	1.00	ja
4383	RJ276225	1.00	ja
4384	RJ035474	1.00	ja
4386	VJ002317	1.00	ja
4387	RJ354311	1.00	ja
4388	RJ399790	1.00	ja
4390	RJ01131289	1.00	ja
4393	VJ006515	1.00	ja
4397	RJ01079965	1.00	ja
4398	RJ01484353	1.00	zh
4401	VJ005659	1.00	ja
4402	VJ010445	1.00	ja
4403	VJ008308	1.00	ja
4405	RJ01084537	1.00	ja
4412	RJ294779	1.00	ja
4414	RJ032879	1.00	ja
4416	RJ041556	1.00	ja
4417	RJ040382	1.00	ja
4418	RJ056651	1.00	ja
4419	RJ070840	1.00	ja
4420	RJ086696	1.00	ja
4421	VJ006632	1.00	alias
4422	VJ005600	1.00	ja
4423	VJ009085	1.00	ja
4424	VJ009086	1.00	ja
4426	RJ056683	1.00	ja
4427	RJ064116	1.00	ja
4429	RJ051557	1.00	en
4432	RJ126776	1.00	ja
4434	VJ007714	1.00	ja
4436	VJ014385	1.00	ja
4438	VJ015461	1.00	ja
4439	VJ015599	1.00	ja
4443	RJ01350570	1.00	ja
4445	VJ014438	1.00	ja
4449	VJ010978	1.00	ja
4450	VJ009815	1.00	ja
4451	RJ01506988	1.00	ja
4453	RJ277931	1.00	ja
4458	RJ01503087	1.00	ja
4459	VJ015105	1.00	ja
4462	RJ362410	1.00	ja
4465	VJ013770	1.00	ja
4466	VJ011655	1.00	ja
4468	VJ007660	1.00	ja
4469	VJ008368	1.00	ja
4470	VJ006650	1.00	ja
4473	VJ012705	1.00	ja
4474	RJ146031	1.00	ja
4476	VJ009151	1.00	ja
4477	VJ011261	1.00	ja
4479	RJ030949	1.00	ja
4480	RJ01110486	1.00	ja
4481	VJ011645	1.00	ja
4482	RJ143600	1.00	ja
4486	RJ315165	1.00	ja
4488	VJ007520	1.00	ja
4492	VJ010697	1.00	ja
4494	VJ006875	1.00	ja
4499	VJ010360	1.00	ja
4500	VJ006562	1.00	ja
4501	RJ179442	1.00	ja
4502	RJ239450	1.00	ja
4503	VJ007246	1.00	ja
4504	RJ277940	1.00	ja
4506	VJ009286	1.00	ja
4507	VJ012566	1.00	ja
4510	VJ012273	1.00	ja
4511	VJ009713	1.00	ja
4512	VJ009799	1.00	ja
4513	RJ01348926	1.00	en
4518	VJ007730	1.00	ja
4519	VJ004645	1.00	ja
4524	VJ001770	1.00	ja
4529	RJ01525197	1.00	ja
4531	RJ228027	1.00	ja
4533	RJ439704	1.00	zh
4534	RJ158120	1.00	ja
4535	RJ366199	1.00	ja
4536	RJ383456	1.00	ja
4537	VJ011001	1.00	ja
4540	RJ01497069	1.00	ja
4542	VJ006460	1.00	ja
4543	RJ065784	1.00	ja
4544	RJ065784	0.89	ja
4549	VJ014686	1.00	ja
4555	VJ002819	1.00	ja
4559	RJ214653	1.00	ja
4560	RJ01519244	1.00	ja
4561	RJ01517577	1.00	ja
4562	VJ012301	1.00	ja
4563	VJ014386	1.00	ja
4564	VJ011972	1.00	ja
4565	VJ003512	1.00	ja
4568	VJ011880	1.00	ja
4569	VJ012284	1.00	ja
4570	VJ012535	1.00	ja
4573	RJ286695	1.00	ja
4574	VJ011622	1.00	alias
4575	VJ009290	1.00	ja
4577	VJ011255	1.00	ja
4580	RJ01494260	1.00	ja
4583	VJ005925	1.00	ja
4584	VJ009889	1.00	ja
4585	VJ010387	1.00	ja
4587	VJ001298	1.00	ja
4590	VJ013786	1.00	ja
4592	VJ010883	1.00	ja
4593	VJ010667	1.00	en
4596	VJ009478	1.00	ja
4597	RJ168122	1.00	ja
4598	VJ007588	1.00	ja
4599	VJ013377	1.00	ja
4600	RJ303998	1.00	en
4601	VJ008362	1.00	ja
4607	VJ013373	1.00	ja
4608	VJ012090	1.00	ja
4611	VJ002269	1.00	ja
4613	VJ012408	1.00	ja
4615	RJ245573	1.00	ja
4616	RJ272680	1.00	ja
4618	RJ283584	1.00	ja
4622	RJ01043759	1.00	ja
4623	RJ402902	1.00	ja
4626	VJ009043	1.00	ja
4627	RJ147893	1.00	ja
4630	VJ010143	1.00	alias
4631	VJ013378	1.00	ja
4641	VJ001700	1.00	ja
4642	VJ006155	1.00	ja
4643	VJ006128	1.00	ja
4644	VJ005828	1.00	ja
4645	VJ006590	1.00	ja
4647	VJ006172	1.00	ja
4648	VJ007863	1.00	ja
4649	VJ009014	1.00	ja
4656	RJ162718	0.68	ja
4658	RJ036446	1.00	ja
4662	VJ006517	1.00	ja
4663	VJ007102	1.00	ja
4670	VJ005117	0.73	en
4674	RJ172370	1.00	ja
4675	VJ004364	1.00	ja
4679	VJ005091	1.00	ja
4680	VJ004498	1.00	ja
4681	VJ005739	1.00	ja
4682	VJ002352	1.00	ja
4683	VJ002353	1.00	ja
4684	VJ002331	1.00	ja
4685	VJ002332	1.00	ja
4688	VJ001278	1.00	ja
4698	VJ007276	1.00	ja
4703	VJ004847	1.00	en
4707	RJ428460	1.00	zh
4710	VJ006827	1.00	en
4711	RJ01115808	1.00	zh
4712	VJ004233	1.00	ja
4721	VJ008062	1.00	ja
4723	VJ003332	1.00	ja
4724	VJ002956	1.00	ja
4725	VJ012664	1.00	ja
4727	VJ004520	0.63	alias
4728	VJ011792	1.00	ja
4731	VJ001420	0.67	alias
4733	VJ012272	1.00	alias
4735	VJ012148	1.00	ja
4736	VJ013294	1.00	ja
4738	RJ01291175	1.00	ja
4743	RJ171370	1.00	ja
4744	RJ064060	1.00	ja
4752	RJ361453	1.00	ja
4753	VJ009818	1.00	ja
4754	VJ014020	1.00	ja
4755	VJ014676	1.00	ja
4759	VJ003607	1.00	ja
4767	VJ009250	1.00	ja
4768	VJ012940	1.00	ja
4769	VJ010272	1.00	ja
4770	VJ011365	1.00	ja
4772	VJ007711	1.00	alias
4774	VJ001840	1.00	alias
4775	VJ015242	1.00	alias
4794	VJ012669	1.00	ja
4801	VJ003988	1.00	ja
4802	RJ166604	1.00	ja
4804	RJ01084951	1.00	ja
4806	RJ182316	1.00	ja
4807	VJ010271	1.00	alias
4811	VJ008026	1.00	ja
4817	VJ015176	1.00	alias
4818	VJ015383	1.00	alias
4819	RJ105320	1.00	alias
4828	VJ010142	1.00	ja
4834	VJ013566	1.00	alias
4839	VJ002627	1.00	ja
4841	VJ006871	1.00	alias
4842	VJ003645	1.00	ja
4844	RJ162939	1.00	ja
4847	RJ100868	1.00	ja
4851	RJ187285	1.00	ja
4852	VJ008475	1.00	ja
4853	VJ008712	1.00	alias
4855	VJ007836	1.00	ja
4857	VJ012234	1.00	ja
4860	VJ008862	1.00	ja
4862	VJ013286	1.00	ja
4863	VJ008349	1.00	ja
4864	VJ011605	1.00	ja
4865	RJ01464044	1.00	ja
4866	VJ007007	1.00	ja
4871	RJ118353	1.00	ja
4872	VJ007734	1.00	ja
4879	RJ01027616	1.00	ja
4880	RJ259417	1.00	ja
4881	RJ207368	1.00	ja
4882	RJ109035	1.00	ja
4883	RJ140827	1.00	ja
4884	RJ365188	1.00	ja
4885	VJ011065	1.00	ja
4887	RJ304857	1.00	ja
4894	VJ012382	1.00	ja
4896	VJ003549	1.00	ja
4897	RJ123732	1.00	ja
4899	VJ013287	1.00	ja
4900	RJ327290	1.00	ja
4901	RJ01119992	1.00	ja
4902	RJ068210	1.00	ja
4909	RJ113805	1.00	ja
4910	RJ01459897	1.00	ja
4911	RJ088241	1.00	ja
4915	VJ001772	1.00	ja
4917	VJ014710	1.00	ja
4919	VJ013737	1.00	ja
4920	VJ013963	1.00	ja
4921	VJ010193	1.00	ja
4923	VJ014442	1.00	ja
4924	VJ011611	1.00	ja
4925	VJ010793	1.00	ja
4935	VJ007163	1.00	ja
4936	VJ005736	1.00	ja
4937	VJ003680	1.00	ja
4938	RJ068209	1.00	ja
4939	RJ01525654	1.00	ja
4940	RJ229652	1.00	ja
4941	RJ275674	1.00	ja
4942	RJ115679	1.00	ja
4944	VJ014405	1.00	ja
4946	VJ010023	1.00	ja
4949	VJ011676	1.00	ja
4950	VJ013420	1.00	ja
4951	VJ015697	1.00	en
4953	VJ005214	1.00	ja
4955	VJ012850	1.00	ja
4956	VJ005454	1.00	ja
4958	RJ01067660	1.00	ja
4963	RJ109461	1.00	ja
4964	VJ012245	1.00	ja
4967	RJ102633	1.00	ja
4977	VJ007000	1.00	ja
4978	RJ01570733	1.00	ja
4983	VJ006512	1.00	ja
4984	RJ212460	1.00	ja
4985	RJ212461	1.00	ja
4986	VJ010282	1.00	ja
4990	VJ005818	1.00	ja
4991	RJ194007	1.00	en
4996	VJ009411	1.00	ja
4998	VJ015143	1.00	ja
5000	RJ01427702	1.00	ja
5001	RJ264150	1.00	ja
5004	VJ009466	0.90	ja
5006	RJ190088	1.00	ja
5010	VJ003931	1.00	ja
5011	VJ003475	1.00	alias
5014	VJ011694	1.00	ja
5016	RJ213180	1.00	ja
5017	VJ012210	1.00	ja
5018	VJ004253	1.00	ja
5019	VJ009536	1.00	ja
5020	VJ004226	1.00	ja
5032	VJ007777	1.00	ja
5033	VJ010746	1.00	ja
5035	VJ004257	1.00	ja
5036	VJ010783	1.00	ja
5037	VJ008827	1.00	ja
5040	VJ001848	1.00	alias
5041	VJ001852	1.00	ja
5042	VJ001853	1.00	ja
5044	VJ010834	1.00	ja
5045	VJ005715	1.00	ja
5046	VJ010835	1.00	ja
5047	VJ012247	1.00	ja
5049	VJ015670	1.00	ja
5051	VJ010056	1.00	ja
5052	VJ008693	1.00	ja
5054	VJ009246	1.00	ja
5056	VJ010639	1.00	ja
5059	VJ005883	1.00	ja
5067	RJ162062	1.00	ja
5070	RJ024121	1.00	en
5071	RJ024198	1.00	alias
5072	RJ024315	1.00	alias
5076	RJ024363	1.00	ja
5077	RJ024530	1.00	alias
5079	RJ024758	1.00	ja
5080	RJ024556	1.00	ja
5081	RJ024871	1.00	ja
5082	RJ025072	1.00	ja
5083	RJ034204	1.00	ja
5084	RJ053815	1.00	ja
5086	RJ035918	1.00	ja
5088	RJ068443	1.00	ja
5090	RJ198314	1.00	ja
5091	RJ243827	1.00	ja
5094	VJ009808	1.00	ja
5095	VJ002082	1.00	ja
5096	VJ011893	1.00	ja
5097	VJ007758	1.00	ja
5099	RJ034581	0.93	ja
5102	VJ009424	1.00	ja
5103	VJ013050	1.00	ja
5109	VJ012493	0.94	ja
5127	VJ008958	1.00	ja
5128	VJ004842	1.00	ja
5137	RJ109462	1.00	alias
5138	VJ006500	1.00	ja
5139	VJ012508	1.00	ja
5140	RJ185296	1.00	ja
5141	RJ146653	1.00	ja
5142	VJ013218	1.00	ja
5143	VJ009994	1.00	ja
5147	VJ004170	1.00	ja
5153	VJ006304	1.00	ja
5156	VJ011836	1.00	ja
5157	VJ010774	1.00	ja
5158	RJ104965	1.00	alias
5160	VJ002069	1.00	ja
5161	RJ329202	1.00	ja
5162	RJ356491	1.00	ja
5163	VJ006199	1.00	ja
5164	VJ013700	1.00	ja
5166	VJ002708	1.00	ja
5167	RJ01212921	1.00	ja
5168	RJ01175290	1.00	ja
5169	VJ010332	1.00	ja
5171	VJ004644	1.00	ja
5172	VJ003867	0.90	ja
5173	VJ005864	1.00	ja
5174	VJ003935	1.00	en
5175	VJ008636	1.00	ja
5178	RJ01489468	1.00	ja
5185	VJ003344	1.00	ja
5190	RJ01342272	1.00	alias
5191	RJ093458	1.00	ja
5192	RJ102452	1.00	ja
5194	RJ095826	1.00	ja
5195	VJ010597	1.00	ja
5196	RJ096919	1.00	ja
5197	RJ120931	1.00	ja
5198	VJ014440	1.00	ja
5199	RJ146889	1.00	ja
5200	RJ110465	1.00	ja
5213	RJ288623	1.00	ja
5214	RJ01215944	1.00	ja
5218	VJ005434	1.00	en
5221	RJ01131895	1.00	ja
5224	VJ013785	1.00	ja
5226	RJ116935	1.00	ja
5227	RJ01070112	1.00	ja
5228	VJ013532	1.00	ja
5234	VJ004173	1.00	ja
5235	RJ01214867	1.00	ja
5236	VJ006463	1.00	ja
5237	VJ006531	1.00	ja
5238	VJ009551	1.00	en
5239	VJ007585	1.00	ja
5244	RJ01557100	1.00	ja
5246	RJ140772	1.00	ja
5250	RJ417302	1.00	ja
5251	RJ326389	1.00	ja
5252	RJ124923	1.00	ja
5254	RJ257912	1.00	ja
5255	RJ01016450	1.00	ja
5256	RJ01037987	1.00	ja
5257	RJ193424	1.00	ja
5259	RJ225256	1.00	ja
5261	RJ169878	1.00	ja
5262	VJ013275	1.00	ja
5266	VJ009267	1.00	ja
5267	VJ006278	1.00	ja
5268	VJ005806	1.00	ja
5269	VJ005658	1.00	ja
5270	VJ005527	1.00	ja
5272	VJ007975	1.00	ja
5276	VJ007464	1.00	ja
5277	VJ006232	0.89	ja
5278	VJ006205	1.00	ja
5282	RJ01520708	1.00	ja
5283	VJ001285	0.96	ja
5287	RJ068871	1.00	ja
5288	RJ01544855	1.00	en
5294	VJ011834	1.00	ja
5295	VJ012099	1.00	ja
5297	VJ015181	1.00	ja
5298	VJ014899	1.00	ja
5299	VJ014594	1.00	ja
5300	VJ013597	1.00	ja
5304	VJ009404	1.00	ja
5306	VJ012175	1.00	ja
5307	VJ009493	1.00	ja
5308	RJ01166474	1.00	ja
5312	VJ015172	1.00	ja
5314	RJ195759	1.00	ja
5316	VJ010859	1.00	ja
5317	VJ012739	1.00	ja
5318	VJ010151	1.00	ja
5319	RJ413065	1.00	ja
5320	RJ283146	1.00	ja
5321	RJ218380	1.00	ja
5325	VJ004653	1.00	ja
5327	RJ337790	1.00	ja
5330	VJ014650	1.00	ja
5331	RJ348335	1.00	ja
5332	RJ01383104	1.00	ja
5335	VJ011367	1.00	ja
5336	VJ002203	1.00	ja
5337	VJ003968	1.00	ja
5338	VJ003674	1.00	ja
5339	VJ012476	1.00	ja
5340	VJ003411	1.00	ja
5345	RJ327289	1.00	ja
5346	RJ126250	1.00	ja
5352	VJ015703	1.00	ja
5354	VJ014784	1.00	ja
5357	VJ004889	1.00	ja
5359	VJ011170	1.00	ja
5361	VJ010568	1.00	ja
5375	VJ010280	1.00	ja
5390	VJ015541	1.00	ja
5394	RJ310618	1.00	ja
5397	VJ002101	1.00	ja
5398	VJ010145	1.00	ja
5399	VJ012213	1.00	ja
5400	VJ010412	1.00	ja
5401	VJ006639	1.00	ja
5406	VJ006998	1.00	ja
5412	VJ005058	1.00	ja
5413	VJ006273	1.00	ja
5415	VJ007929	1.00	ja
5417	VJ009821	1.00	ja
5418	VJ003696	1.00	ja
5422	RJ304661	0.92	ja
5423	VJ015124	1.00	ja
5425	VJ001455	1.00	ja
5426	VJ001457	1.00	ja
5432	VJ015801	1.00	ja
5436	RJ136232	1.00	ja
5438	VJ005098	1.00	ja
5439	VJ005935	1.00	ja
5444	VJ005393	1.00	ja
5445	VJ006399	1.00	ja
5449	VJ005993	1.00	ja
5450	RJ200698	1.00	ja
5451	VJ015698	1.00	ja
5452	VJ014960	1.00	ja
5453	VJ013208	1.00	zh
5454	RJ290971	1.00	ja
5455	RJ292813	1.00	ja
5458	VJ005149	1.00	ja
5466	RJ259035	1.00	ja
5468	VJ009894	1.00	ja
5470	VJ015606	1.00	ja
5471	RJ162899	1.00	ja
5473	RJ01052977	1.00	ja
5478	VJ012585	1.00	ja
5482	VJ015245	1.00	ja
5483	VJ014503	1.00	ja
5484	VJ015340	1.00	ja
5488	VJ007825	1.00	ja
5497	VJ006677	1.00	ja
5498	VJ015110	1.00	ja
5499	VJ010782	1.00	ja
5500	VJ014581	1.00	ja
5501	VJ015168	1.00	ja
5504	VJ009001	1.00	ja
5506	RJ108740	1.00	ja
5507	VJ013194	1.00	ja
5508	VJ013440	1.00	ja
5514	VJ012465	1.00	ja
5515	VJ014809	1.00	ja
5516	VJ014736	1.00	ja
5517	VJ014893	1.00	ja
5518	VJ009576	1.00	ja
5519	VJ009013	1.00	ja
5520	VJ008891	1.00	ja
5521	RJ293766	1.00	ja
5522	RJ268401	1.00	en
5524	RJ150352	1.00	ja
5527	VJ013817	1.00	ja
5528	VJ006015	1.00	zh
5529	VJ014511	1.00	ja
5530	VJ014568	1.00	ja
5531	VJ014043	1.00	ja
5533	VJ013640	1.00	ja
5534	VJ014391	1.00	zh
5535	VJ014335	1.00	ja
5536	VJ014331	1.00	ja
5537	VJ005900	1.00	ja
5538	RJ098891	1.00	ja
5539	VJ010886	1.00	alias
5540	VJ012501	1.00	alias
5541	VJ011784	0.96	alias
5542	VJ011970	1.00	ja
5543	RJ181354	1.00	ja
5544	VJ014029	1.00	ja
5545	VJ014195	1.00	ja
5546	VJ014133	1.00	ja
5547	VJ005339	1.00	ja
5548	VJ005530	1.00	ja
5549	VJ014554	1.00	ja
5550	VJ014724	1.00	ja
5556	VJ013909	1.00	ja
5557	VJ013920	1.00	ja
5558	RJ112529	1.00	ja
5560	VJ013434	1.00	ja
5561	VJ013010	1.00	ja
5566	RJ01584718	1.00	ja
5567	VJ013729	1.00	ja
5568	VJ003558	1.00	ja
5569	VJ013800	1.00	ja
5570	RJ172361	1.00	ja
5571	VJ013643	1.00	ja
5572	VJ012921	1.00	ja
5574	VJ013738	1.00	ja
5575	VJ003435	1.00	ja
5576	RJ165052	1.00	ja
5577	VJ008033	1.00	en
5578	VJ011875	1.00	ja
5579	VJ015743	1.00	ja
5582	VJ013505	1.00	ja
5583	VJ013500	1.00	ja
5584	RJ249407	1.00	ja
5585	RJ175775	1.00	ja
5586	VJ003318	1.00	ja
5587	VJ003566	1.00	ja
5588	VJ003893	1.00	ja
5591	VJ013521	1.00	ja
5592	VJ012330	1.00	ja
5594	RJ044722	1.00	ja
5595	RJ01182528	1.00	ja
5596	VJ013445	1.00	ja
5597	VJ013360	1.00	ja
5598	RJ181353	1.00	ja
5599	RJ191640	1.00	ja
5608	VJ013954	1.00	ja
5609	VJ014327	1.00	ja
5610	VJ015040	1.00	ja
5612	VJ015039	1.00	ja
5613	VJ002414	1.00	ja
5616	VJ013260	1.00	ja
5617	VJ012701	1.00	ja
5618	VJ013151	1.00	ja
5619	RJ089708	0.96	ja
5620	VJ007992	1.00	ja
5621	VJ013063	1.00	ja
5622	RJ229651	1.00	ja
5623	RJ227817	1.00	ja
5624	VJ012380	1.00	ja
5629	RJ407994	1.00	ja
5631	RJ128440	1.00	ja
5632	RJ124897	1.00	ja
5633	RJ082516	1.00	ja
5634	VJ006669	1.00	ja
5639	VJ007358	1.00	ja
5640	VJ009928	1.00	ja
5641	VJ013015	1.00	ja
5642	VJ012950	1.00	ja
5644	RJ225258	1.00	ja
5645	RJ118546	1.00	ja
5646	VJ015742	1.00	ja
5650	VJ007195	0.96	ja
5651	VJ005690	1.00	ja
5652	VJ012524	1.00	ja
5653	VJ012881	1.00	ja
5654	VJ012776	1.00	ja
5656	VJ005479	1.00	ja
5657	RJ097642	1.00	ja
5660	RJ01532752	1.00	ja
5661	VJ009520	1.00	ja
5663	VJ005944	1.00	ja
5664	VJ005126	1.00	ja
5665	VJ004466	1.00	ja
5666	VJ004389	1.00	ja
5667	VJ002780	1.00	ja
5670	VJ012769	1.00	ja
5671	VJ012002	1.00	ja
5672	VJ012269	1.00	ja
5673	RJ110700	1.00	ja
5678	VJ005914	1.00	ja
5679	VJ005895	1.00	zh
5680	VJ006034	1.00	ja
5681	VJ006013	1.00	ja
5687	VJ003697	1.00	ja
5697	VJ004809	1.00	ja
5700	VJ006437	1.00	en
5703	RJ143397	1.00	ja
5711	VJ011054	1.00	ja
5712	VJ012600	1.00	ja
5713	VJ012555	1.00	ja
5716	RJ209477	1.00	ja
5717	RJ204925	1.00	ja
5718	VJ004372	1.00	ja
5722	VJ011405	1.00	ja
5723	VJ005406	1.00	ja
5724	VJ005481	0.67	ja
5726	VJ013326	1.00	ja
5728	RJ232901	1.00	ja
5730	VJ002442	1.00	ja
5731	RJ01188792	0.67	en
5732	VJ002474	1.00	ja
5733	RJ029999	1.00	ja
5735	VJ006834	1.00	en
5736	RJ113751	1.00	ja
5746	RJ094086	1.00	ja
5748	RJ01176129	1.00	alias
5749	RJ202655	1.00	ja
5751	VJ003817	1.00	ja
5752	VJ011507	1.00	ja
5753	VJ012344	1.00	ja
5754	VJ012246	1.00	ja
5755	VJ012130	1.00	ja
5756	RJ187286	1.00	ja
5757	VJ002811	1.00	ja
5761	VJ012080	1.00	ja
5762	VJ012024	1.00	ja
5763	VJ011978	1.00	ja
5764	RJ181355	1.00	ja
5765	RJ01314489	1.00	ja
5769	RJ271687	1.00	ja
5770	VJ012559	1.00	ja
5771	VJ014351	1.00	ja
5772	VJ013921	1.00	ja
5773	VJ011973	1.00	ja
5776	RJ374389	1.00	ja
5778	VJ002482	1.00	ja
5779	VJ002407	1.00	ja
5786	VJ002408	1.00	ja
5790	VJ011967	1.00	ja
5791	VJ011787	1.00	ja
5795	VJ009441	1.00	ja
5796	RJ042327	1.00	ja
5798	VJ005081	1.00	ja
5800	VJ011896	1.00	ja
5801	VJ010853	1.00	ja
5802	VJ011858	1.00	ja
5803	RJ165053	1.00	ja
5804	RJ165051	1.00	ja
5807	VJ011791	1.00	ja
5808	VJ009363	1.00	ja
5809	RJ162714	1.00	ja
5810	RJ159189	1.00	ja
5812	VJ010281	1.00	alias
5814	VJ011623	1.00	ja
5815	VJ010997	1.00	ja
5816	RJ157315	1.00	ja
5818	VJ004871	1.00	en
5820	VJ004843	1.00	en
5821	VJ005438	0.80	alias
5822	VJ011478	1.00	ja
5823	VJ011312	1.00	ja
5824	VJ011288	1.00	ja
5825	RJ143599	1.00	ja
5826	VJ001800	1.00	en
5828	VJ008825	1.00	ja
5829	VJ011250	1.00	ja
5830	VJ011246	1.00	ja
5831	VJ011082	1.00	ja
5834	RJ137988	1.00	ja
5835	RJ134775	1.00	ja
5837	VJ010991	1.00	ja
5838	VJ010921	1.00	ja
5839	VJ010915	1.00	ja
5840	RJ134774	1.00	ja
5842	RJ133795	1.00	ja
5843	RJ129306	1.00	ja
5846	VJ010825	1.00	ja
5847	VJ010741	1.00	ja
5848	VJ010657	1.00	ja
5849	VJ010644	1.00	ja
5850	RJ129307	1.00	ja
5851	RJ123731	1.00	ja
5852	RJ122151	1.00	ja
5853	VJ012733	0.93	ja
5856	RJ198052	1.00	alias
5857	VJ010580	1.00	ja
5858	VJ010579	1.00	ja
5859	VJ010500	1.00	ja
5860	RJ119676	1.00	ja
5861	RJ118545	1.00	ja
5862	RJ118544	1.00	ja
5864	VJ010429	1.00	ja
5865	VJ010428	1.00	ja
5866	VJ010368	1.00	ja
5867	VJ010353	1.00	ja
5868	RJ117609	1.00	alias
5869	RJ115680	1.00	ja
5870	VJ006819	1.00	ja
5874	VJ011030	1.00	ja
5878	RJ319875	1.00	ja
5880	RJ351743	1.00	ja
5886	VJ010226	1.00	ja
5887	VJ010213	1.00	ja
5888	VJ010155	1.00	ja
5889	RJ109460	1.00	ja
5890	RJ107521	1.00	ja
5891	RJ105453	1.00	ja
5892	RJ097643	1.00	ja
5894	VJ010079	1.00	ja
5895	VJ010008	1.00	ja
5896	VJ010009	1.00	ja
5897	VJ009926	1.00	ja
5898	RJ102417	1.00	ja
5899	RJ102416	1.00	ja
5900	RJ100029	1.00	ja
5901	RJ101182	1.00	ja
5903	VJ006074	1.00	ja
5906	VJ005821	1.00	ja
5907	VJ004476	1.00	ja
5908	VJ003646	1.00	ja
5909	VJ002645	1.00	ja
5911	VJ009838	1.00	ja
5912	VJ009758	1.00	ja
5914	VJ002552	1.00	ja
5915	VJ002486	1.00	ja
5916	VJ001939	1.00	ja
5924	VJ008162	1.00	en
5931	VJ009624	1.00	ja
5932	VJ009488	1.00	ja
5934	RJ096090	1.00	ja
5935	RJ096089	1.00	ja
5936	VJ015013	0.94	ja
5938	RJ01606102	1.00	ja
5939	VJ009322	1.00	ja
5940	VJ009259	1.00	ja
5941	RJ085621	1.00	ja
5952	VJ007422	1.00	ja
5953	VJ006818	1.00	ja
5954	VJ005333	1.00	ja
5957	VJ003384	1.00	ja
5958	VJ002732	1.00	ja
5959	RJ084628	1.00	ja
5965	VJ011182	1.00	ja
5966	VJ007544	1.00	ja
5968	VJ007834	1.00	ja
5969	RJ079840	1.00	ja
5970	RJ075515	1.00	ja
5972	RJ059905	1.00	ja
5973	RJ430754	0.86	ja
5975	VJ012366	1.00	ja
5976	VJ009691	1.00	ja
5977	VJ011165	1.00	ja
5982	RJ01236167	1.00	alias
5986	RJ295396	1.00	ja
5989	VJ002900	1.00	ja
5995	VJ013073	1.00	zh
6016	VJ002236	0.67	alias
6017	VJ002238	1.00	ja
6020	VJ003554	1.00	ja
6023	VJ003989	1.00	ja
6024	VJ004267	1.00	ja
6025	VJ008753	1.00	ja
6026	VJ002239	1.00	ja
6027	VJ006901	1.00	ja
6028	VJ008811	1.00	en
6029	VJ006902	1.00	alias
6030	VJ006985	1.00	ja
6035	RJ01392095	1.00	alias
6039	VJ008588	1.00	ja
6040	VJ008708	1.00	ja
6042	VJ008780	0.92	ja
6043	VJ012510	1.00	en
6044	VJ008752	1.00	ja
6045	VJ008680	1.00	ja
6051	VJ014761	1.00	ja
6052	VJ014763	0.97	ja
6053	RJ178362	0.93	alias
6054	VJ014762	1.00	ja
6057	VJ012511	1.00	ja
6058	VJ008305	0.83	ja
6060	VJ004322	1.00	alias
6068	VJ006654	1.00	ja
6070	VJ005054	1.00	alias
6071	VJ006580	1.00	ja
6072	VJ003559	1.00	ja
6074	VJ007716	1.00	ja
6075	VJ008914	0.79	ja
6085	VJ006630	1.00	ja
6086	VJ007061	1.00	ja
6088	RJ01542607	1.00	ja
6089	VJ004339	1.00	ja
6090	VJ006305	1.00	ja
6094	VJ013324	1.00	ja
6095	VJ012065	1.00	ja
6096	VJ010577	1.00	ja
6097	VJ010871	1.00	ja
6099	VJ008324	1.00	ja
6100	VJ008189	1.00	alias
6101	VJ009263	1.00	ja
6102	VJ007641	1.00	ja
6103	VJ007642	1.00	ja
6107	VJ005759	1.00	en
6108	VJ005751	1.00	en
6109	VJ005431	1.00	en
6110	VJ006828	1.00	en
6111	VJ013407	1.00	ja
6124	RJ01348449	1.00	ja
6128	RJ220780	1.00	ja
6129	RJ188457	1.00	ja
6134	VJ014192	1.00	ja
6135	RJ091782	1.00	ja
6136	RJ096156	1.00	ja
6141	RJ01116473	1.00	ja
6143	RJ01180752	1.00	ja
6144	RJ419862	1.00	ja
6145	RJ321900	1.00	ja
6146	RJ202819	1.00	ja
6147	RJ080964	1.00	en
6148	RJ120605	1.00	ja
6149	RJ100668	1.00	ja
6150	RJ048751	1.00	en
6151	RJ041607	1.00	en
6152	RJ066934	1.00	ja
6154	RJ081603	1.00	ja
6155	RJ01070630	1.00	ja
6156	RJ01144461	1.00	ja
6157	RJ075041	1.00	ja
6158	RJ035854	1.00	ja
6159	RJ045287	1.00	ja
6160	RJ057055	1.00	ja
6161	RJ059623	1.00	ja
6166	VJ005785	1.00	ja
6167	VJ006756	1.00	ja
6168	VJ006795	1.00	ja
6171	RJ183212	1.00	ja
6175	VJ009252	1.00	en
6177	VJ009252	1.00	ja
6179	RJ157385	1.00	ja
6180	RJ144879	1.00	ja
6181	RJ134896	1.00	ja
6182	RJ167732	1.00	ja
6183	RJ175557	1.00	ja
6184	RJ126527	1.00	ja
6185	RJ189798	1.00	ja
6187	VJ006410	1.00	ja
6188	RJ063620	1.00	ja
6189	RJ043284	1.00	ja
6190	RJ107539	1.00	ja
6191	RJ079237	1.00	ja
6192	RJ086430	1.00	ja
6193	RJ096356	1.00	ja
6194	RJ071491	1.00	ja
6195	RJ052250	1.00	ja
6196	RJ061471	1.00	ja
6198	RJ01473408	1.00	ja
6202	VJ004422	1.00	ja
6207	VJ007107	1.00	ja
6211	VJ008465	1.00	ja
6213	VJ006132	1.00	ja
6214	VJ006973	1.00	ja
6216	VJ007235	1.00	ja
6217	VJ007316	1.00	ja
6233	VJ013560	1.00	alias
6234	RJ397323	1.00	ja
6235	RJ392207	1.00	ja
6236	RJ236688	1.00	ja
6237	VJ013501	1.00	ja
6238	VJ013431	1.00	ja
6241	VJ005927	1.00	ja
6242	VJ013251	1.00	ja
6243	VJ005702	1.00	ja
6244	RJ211353	1.00	ja
6246	VJ006271	1.00	en
6247	VJ004413	1.00	alias
6248	VJ013127	1.00	ja
6249	RJ202661	1.00	ja
6250	RJ180668	1.00	ja
6252	VJ013072	1.00	ja
6253	RJ155219	1.00	ja
6254	VJ012770	1.00	ja
6255	VJ012700	1.00	ja
6256	RJ152179	1.00	ja
6257	VJ004589	1.00	ja
6258	VJ005039	1.00	ja
6260	VJ008328	1.00	en
6263	VJ006805	1.00	ja
6264	VJ010186	1.00	ja
6265	VJ010989	1.00	ja
6266	VJ013675	1.00	ja
6268	VJ006806	1.00	ja
6269	VJ007196	1.00	ja
6272	VJ012586	1.00	ja
6273	VJ009749	1.00	ja
6274	VJ009663	1.00	ja
6275	VJ009748	1.00	ja
6278	VJ010829	1.00	ja
6282	VJ012464	1.00	ja
6284	VJ005469	1.00	ja
6288	VJ004365	1.00	ja
6294	VJ008109	1.00	ja
6295	VJ012057	1.00	ja
6299	VJ001444	1.00	ja
6303	RJ152618	1.00	ja
6308	VJ005199	1.00	ja
6316	VJ002412	1.00	ja
6319	VJ002324	1.00	ja
6321	VJ001874	0.86	ja
6324	RJ149039	1.00	ja
6330	RJ419729	1.00	ja
6335	RJ128924	1.00	ja
6336	VJ003634	1.00	ja
6337	VJ011556	1.00	ja
6343	VJ005631	1.00	ja
6344	VJ005389	1.00	ja
6345	VJ006797	1.00	ja
6348	VJ003365	1.00	ja
6349	VJ005015	1.00	ja
6350	VJ009044	1.00	alias
6351	VJ013214	1.00	ja
6355	VJ003398	1.00	ja
6360	RJ01275248	1.00	ja
6364	VJ007392	1.00	ja
6373	VJ006258	1.00	ja
6375	VJ006189	1.00	ja
6377	VJ010678	1.00	ja
6380	VJ013375	1.00	ja
6383	VJ008096	1.00	ja
6384	VJ012238	1.00	ja
6390	VJ006711	1.00	ja
6391	RJ376480	1.00	ja
6393	RJ050880	1.00	ja
6395	RJ056528	1.00	ja
6397	RJ078893	1.00	ja
6399	RJ035643	1.00	ja
6400	VJ004743	1.00	ja
6403	VJ003473	1.00	ja
6404	RJ145949	1.00	ja
6405	VJ003444	1.00	ja
6411	VJ006651	1.00	ja
6412	VJ006742	0.77	ja
6419	VJ003419	1.00	ja
6420	VJ002318	1.00	ja
6421	VJ003391	1.00	ja
6424	VJ006081	1.00	ja
6426	VJ007978	1.00	ja
6431	VJ007440	1.00	ja
6434	VJ004904	1.00	ja
6436	VJ002576	1.00	ja
6438	VJ004448	1.00	ja
6439	VJ005297	1.00	ja
6441	VJ001134	1.00	alias
6443	VJ001741	1.00	ja
6452	VJ001269	1.00	ja
6458	VJ011249	0.93	ja
6459	RJ146551	1.00	ja
6468	VJ004178	1.00	ja
6469	VJ003701	1.00	ja
6470	VJ005244	1.00	ja
6474	VJ003846	1.00	ja
6482	RJ091042	1.00	alias
6483	RJ182058	1.00	ja
6487	RJ188553	1.00	ja
6488	RJ165813	1.00	ja
6490	VJ005211	1.00	en
6501	VJ003557	1.00	ja
6502	VJ003520	1.00	ja
6505	VJ003843	1.00	ja
6518	VJ004144	1.00	ja
6522	RJ155907	1.00	ja
6523	RJ098874	1.00	ja
6527	RJ193932	1.00	ja
6530	RJ154427	1.00	ja
6532	VJ007772	1.00	ja
6533	VJ004270	1.00	alias
6534	VJ004138	1.00	ja
6540	VJ010872	1.00	ja
6544	VJ002863	0.94	ja
6553	RJ051132	1.00	ja
6558	VJ002073	1.00	alias
6560	RJ051823	1.00	ja
6564	VJ003546	1.00	ja
6566	VJ007406	1.00	ja
6570	VJ008880	1.00	ja
6573	VJ002689	1.00	ja
6580	VJ002690	1.00	ja
6589	VJ009422	1.00	ja
6612	VJ003695	1.00	ja
6618	RJ165958	1.00	ja
6626	VJ002614	1.00	ja
6628	VJ003432	1.00	ja
6629	RJ083422	1.00	ja
6630	RJ066912	1.00	ja
6631	RJ073412	0.88	ja
6632	RJ088328	1.00	ja
6635	VJ010286	1.00	ja
6636	RJ180354	1.00	ja
6639	VJ003740	1.00	ja
6640	VJ009187	1.00	ja
6641	VJ009688	1.00	ja
6642	VJ010014	1.00	ja
6643	VJ002886	1.00	ja
6645	VJ006379	1.00	ja
6646	VJ009567	1.00	ja
6659	RJ214802	1.00	alias
6661	RJ018489	1.00	ja
6662	VJ014714	1.00	ja
6663	VJ005253	1.00	ja
6665	VJ005359	1.00	ja
6666	RJ053791	1.00	ja
6669	RJ017321	1.00	ja
6671	RJ065540	1.00	ja
6674	RJ013759	1.00	ja
6677	RJ072783	1.00	ja
6682	VJ003627	1.00	ja
6683	RJ092970	1.00	ja
6687	VJ004182	1.00	ja
6689	RJ030340	1.00	ja
6693	VJ009588	1.00	ja
6700	VJ003794	1.00	ja
6701	RJ069950	1.00	ja
6702	VJ007931	1.00	ja
6703	VJ008319	1.00	ja
6705	VJ008586	1.00	ja
6707	VJ009458	1.00	ja
6709	RJ074787	1.00	ja
6724	RJ017996	1.00	ja
6726	RJ097330	1.00	ja
6730	RJ015256	1.00	ja
6731	RJ081571	1.00	ja
6732	RJ068400	1.00	ja
6733	RJ311448	1.00	ja
6739	VJ002359	0.93	ja
6740	VJ010775	1.00	ja
6745	RJ01098750	1.00	ja
6746	VJ008210	1.00	ja
6747	VJ011631	1.00	ja
6749	VJ007217	1.00	ja
6750	VJ006476	1.00	ja
6752	VJ005859	1.00	ja
6754	VJ007621	1.00	ja
6755	RJ075583	1.00	ja
6756	RJ103548	1.00	ja
6758	RJ174339	1.00	ja
6759	RJ236148	1.00	ja
6760	RJ138079	1.00	ja
6762	RJ179929	1.00	ja
6764	RJ01017228	1.00	ja
6769	RJ180134	1.00	ja
6776	RJ043828	1.00	ja
6783	VJ002882	1.00	ja
6788	VJ010464	1.00	ja
6789	RJ046599	1.00	ja
6790	VJ005115	1.00	ja
6793	VJ002174	1.00	ja
6799	VJ008565	1.00	ja
6800	VJ004455	1.00	ja
6801	VJ005076	1.00	ja
6802	VJ002570	1.00	ja
6804	VJ004684	1.00	ja
6805	VJ013838	1.00	ja
6806	VJ006154	1.00	ja
6807	VJ012062	1.00	ja
6809	VJ007439	1.00	ja
6810	VJ002852	1.00	alias
6814	VJ001602	1.00	ja
6817	VJ002176	1.00	ja
6820	VJ005835	1.00	ja
6822	VJ007438	1.00	ja
6823	VJ001958	1.00	alias
6827	RJ01335719	1.00	ja
6830	RJ073212	1.00	ja
6831	VJ002360	1.00	ja
6839	VJ008754	0.95	ja
6844	RJ075799	0.97	ja
6845	VJ009705	1.00	ja
6846	VJ009255	1.00	ja
6858	RJ022698	1.00	ja
6862	RJ023781	1.00	ja
6863	RJ028483	1.00	ja
6864	RJ036505	1.00	ja
6865	RJ045189	1.00	ja
6866	RJ058148	1.00	ja
6867	RJ067826	1.00	ja
6868	RJ074045	1.00	ja
6869	RJ080966	1.00	ja
6870	RJ094473	1.00	ja
6873	RJ165153	1.00	ja
6874	RJ078327	1.00	ja
6875	RJ054807	1.00	ja
6876	RJ055790	1.00	ja
6877	RJ060542	1.00	ja
6878	RJ071591	1.00	ja
6879	RJ111035	1.00	ja
6880	RJ098913	1.00	ja
6883	VJ008013	1.00	ja
6884	VJ009094	1.00	ja
6885	RJ145924	1.00	alias
6886	RJ223746	1.00	ja
6887	RJ060838	1.00	ja
6893	VJ007426	1.00	ja
6898	RJ116469	1.00	ja
6899	RJ133146	1.00	ja
6900	RJ120648	1.00	ja
6911	RJ170237	1.00	ja
6912	RJ112134	1.00	ja
6919	RJ269953	1.00	ja
6920	RJ008010	1.00	ja
6924	RJ124279	1.00	ja
6925	VJ006923	1.00	ja
6929	VJ004189	1.00	ja
6939	VJ006429	1.00	alias
6949	RJ027824	1.00	ja
6956	VJ008739	1.00	ja
6958	RJ068934	1.00	ja
6959	RJ074656	1.00	ja
6960	VJ009670	1.00	ja
6961	RJ033066	1.00	ja
6980	RJ171484	1.00	ja
6990	VJ009592	0.89	ja
6992	VJ007795	1.00	ja
6994	VJ007705	1.00	ja
6995	VJ007813	1.00	ja
6998	RJ099986	1.00	alias
6999	VJ004623	1.00	ja
7001	VJ002569	1.00	ja
7011	RJ115795	1.00	ja
7012	VJ008314	1.00	ja
7013	VJ005096	1.00	ja
7016	VJ006830	1.00	ja
7017	VJ005860	1.00	ja
7018	VJ008451	1.00	ja
7019	VJ007054	1.00	ja
7025	VJ001530	1.00	ja
7036	RJ150436	1.00	ja
7037	RJ153512	1.00	ja
7042	RJ048829	1.00	ja
7045	RJ094228	1.00	ja
7051	VJ003813	1.00	ja
7052	RJ137507	0.99	ja
7054	VJ013222	1.00	ja
7061	VJ007093	1.00	ja
7063	VJ007489	1.00	ja
7065	VJ006968	1.00	ja
7071	RJ223274	1.00	ja
7088	VJ003638	1.00	ja
7090	VJ007460	1.00	ja
7093	VJ003978	1.00	ja
7097	VJ006700	1.00	ja
7098	VJ007245	1.00	ja
7103	VJ008216	1.00	ja
7105	VJ008025	1.00	ja
7108	VJ002693	1.00	ja
7109	VJ003631	1.00	ja
7129	VJ004424	1.00	ja
7131	VJ004490	1.00	ja
7133	RJ175673	1.00	ja
7138	VJ004334	1.00	ja
7140	VJ009382	1.00	ja
7141	VJ002736	1.00	ja
7151	VJ009685	1.00	ja
7155	RJ056842	1.00	ja
7157	RJ074885	1.00	ja
7158	RJ079520	1.00	ja
7159	RJ070266	1.00	ja
7160	RJ068673	1.00	ja
7161	RJ033032	1.00	alias
7162	RJ098316	1.00	ja
7163	RJ047920	1.00	ja
7165	RJ050899	1.00	ja
7166	RJ043524	1.00	ja
7167	RJ049973	1.00	ja
7168	RJ058602	1.00	ja
7169	RJ052020	1.00	ja
7180	RJ068436	1.00	ja
7187	RJ333940	1.00	ja
7189	VJ003891	1.00	ja
7190	RJ084583	1.00	ja
7191	RJ107498	1.00	ja
7192	RJ168650	1.00	alias
7208	RJ097396	0.83	ja
7210	RJ038286	1.00	ja
7211	RJ101185	1.00	ja
7212	RJ038499	1.00	ja
7213	RJ043844	0.76	ja
7214	RJ052282	1.00	ja
7215	RJ045758	1.00	ja
7216	RJ045752	1.00	ja
7217	RJ088452	1.00	ja
7218	RJ057830	1.00	ja
7219	RJ181147	1.00	ja
7220	RJ069649	1.00	ja
7222	RJ069650	1.00	ja
7226	VJ002802	1.00	ja
7228	VJ006631	1.00	ja
7250	RJ208370	1.00	ja
7252	RJ417966	1.00	ja
7260	VJ011183	1.00	ja
7261	VJ005070	1.00	ja
7262	RJ331136	1.00	ja
7263	RJ264577	1.00	ja
7264	RJ367923	1.00	ja
7265	RJ044919	1.00	ja
7266	VJ002644	1.00	ja
7269	RJ061841	1.00	ja
7270	RJ234478	1.00	ja
7272	RJ171612	1.00	ja
7274	RJ122375	1.00	ja
7277	RJ072360	1.00	ja
7279	VJ001116	1.00	ja
7281	RJ047744	1.00	ja
7282	RJ033198	0.89	ja
7289	RJ076637	1.00	ja
7291	RJ055325	1.00	ja
7297	VJ004865	1.00	ja
7298	VJ003938	1.00	ja
7299	RJ129815	1.00	ja
7300	RJ137646	1.00	ja
7301	RJ132343	1.00	ja
7302	RJ164448	1.00	ja
7303	RJ123519	1.00	ja
7304	RJ084031	1.00	ja
7305	VJ007189	1.00	ja
7306	RJ137730	1.00	ja
7307	VJ007243	1.00	ja
7312	VJ012537	1.00	ja
7334	RJ024402	1.00	ja
7337	RJ024318	1.00	ja
7351	RJ131164	1.00	ja
7355	RJ073083	1.00	ja
7361	RJ121465	1.00	ja
7362	RJ077508	1.00	ja
7363	RJ061427	1.00	ja
7368	RJ098823	1.00	ja
7369	RJ025275	1.00	ja
7371	RJ309422	1.00	ja
7372	RJ199586	1.00	ja
7375	VJ004031	1.00	ja
7378	VJ011064	1.00	ja
7380	VJ007672	1.00	ja
7384	VJ007084	1.00	ja
7394	VJ011748	1.00	ja
7395	VJ007674	1.00	ja
7399	VJ002904	1.00	ja
7401	RJ01357271	1.00	ja
7404	VJ012774	1.00	ja
7405	VJ003714	1.00	ja
7406	VJ005249	1.00	ja
7414	RJ218484	1.00	ja
7416	RJ178038	1.00	ja
7417	VJ007697	1.00	ja
7419	RJ024153	1.00	ja
7422	RJ088022	1.00	ja
7431	VJ003704	1.00	ja
7433	VJ011603	1.00	ja
7435	VJ009236	1.00	ja
7438	VJ009410	1.00	ja
7442	RJ071172	1.00	ja
7444	RJ132746	1.00	ja
7447	VJ007072	1.00	ja
7449	VJ005396	1.00	ja
7450	VJ012857	1.00	ja
7456	VJ006035	1.00	alias
7457	VJ005811	1.00	ja
7463	VJ007412	1.00	ja
7467	VJ007861	1.00	ja
7471	VJ005358	1.00	ja
7472	VJ006826	1.00	ja
7474	RJ133232	1.00	ja
7481	VJ002556	1.00	ja
7483	VJ010290	1.00	ja
7486	RJ077003	1.00	ja
7487	VJ007645	1.00	ja
7489	VJ004304	1.00	ja
7492	VJ007055	1.00	ja
7499	VJ008674	1.00	ja
7503	VJ010395	1.00	ja
7506	VJ007747	1.00	ja
7508	VJ008732	1.00	ja
7509	VJ006060	1.00	ja
7511	RJ150714	1.00	ja
7512	VJ008041	1.00	ja
7514	VJ011342	1.00	ja
7517	VJ002245	1.00	ja
7518	VJ001963	1.00	ja
7520	VJ005626	1.00	ja
7521	VJ006779	1.00	ja
7527	VJ002801	1.00	ja
7533	VJ001521	1.00	ja
7534	VJ008813	1.00	ja
7549	RJ181498	1.00	ja
7551	VJ012233	1.00	ja
7564	RJ075805	1.00	ja
7565	VJ006275	1.00	ja
7569	VJ010820	1.00	ja
7578	VJ009340	1.00	ja
7584	VJ015812	1.00	ja
7585	VJ013051	1.00	ja
7589	VJ010729	1.00	ja
7591	RJ076352	1.00	ja
7592	VJ006913	1.00	ja
7593	VJ004184	1.00	ja
7595	VJ002271	1.00	ja
7597	VJ010601	1.00	ja
7598	VJ003736	0.88	ja
7599	VJ010884	1.00	ja
7603	VJ008281	1.00	ja
7610	VJ010666	1.00	ja
7612	VJ004497	1.00	ja
7614	VJ003711	1.00	ja
7617	RJ031672	1.00	ja
7630	VJ005224	1.00	ja
7633	VJ010531	1.00	ja
7634	VJ011220	1.00	alias
7636	VJ009516	1.00	ja
7639	VJ001740	1.00	ja
7651	RJ080445	1.00	ja
7652	RJ095810	1.00	ja
7665	RJ048686	1.00	ja
7667	RJ194385	1.00	ja
7669	RJ175263	1.00	ja
7670	RJ212334	1.00	ja
7671	RJ218956	1.00	ja
7672	RJ203789	1.00	ja
7680	VJ012270	1.00	ja
7686	VJ005071	1.00	ja
7687	RJ01080136	1.00	ja
7690	RJ128994	1.00	ja
7693	VJ012562	1.00	ja
7696	RJ356209	1.00	ja
7698	VJ007570	1.00	ja
7699	VJ013698	1.00	ja
7704	VJ008208	1.00	ja
7705	VJ007131	1.00	ja
7706	VJ006383	1.00	ja
7713	VJ011738	1.00	ja
7719	VJ007615	1.00	ja
7720	VJ007980	1.00	ja
7722	VJ007278	1.00	ja
7723	VJ013620	1.00	ja
7724	RJ062603	1.00	ja
7725	VJ006568	1.00	ja
7731	RJ053267	1.00	ja
7737	RJ030980	1.00	ja
7744	VJ008327	1.00	ja
7747	VJ008654	1.00	ja
7756	RJ099963	1.00	ja
7757	RJ065363	1.00	ja
7761	RJ128221	1.00	ja
7765	VJ006672	1.00	ja
7776	VJ014697	1.00	ja
7782	VJ010642	1.00	ja
7783	VJ006057	1.00	ja
7785	VJ004605	1.00	ja
7792	RJ160272	1.00	ja
7793	VJ009988	1.00	ja
7796	RJ043070	1.00	ja
7797	RJ071025	1.00	ja
7800	VJ006011	1.00	ja
7806	VJ008188	1.00	ja
7808	VJ007097	1.00	ja
7810	VJ008976	1.00	ja
7811	VJ007394	1.00	ja
7814	RJ229891	1.00	ja
7818	VJ010462	1.00	ja
7821	RJ281893	1.00	ja
7831	VJ001650	1.00	ja
7839	VJ001875	0.80	ja
7852	VJ002580	1.00	ja
7857	VJ009465	1.00	ja
7858	VJ010530	1.00	ja
7874	VJ002102	1.00	ja
7877	RJ064003	1.00	ja
7879	VJ001486	1.00	ja
7890	VJ003856	1.00	ja
7896	VJ012051	1.00	ja
7897	VJ007475	1.00	ja
7898	VJ007953	1.00	ja
7902	VJ007183	1.00	ja
7903	VJ007681	1.00	ja
7908	VJ009525	1.00	ja
7919	RJ299129	1.00	ja
7927	VJ013841	1.00	ja
7937	VJ007601	1.00	ja
7946	RJ332767	1.00	ja
7948	RJ109582	1.00	ja
7951	VJ009133	1.00	ja
7953	VJ003375	1.00	ja
7962	VJ003715	1.00	ja
7964	VJ001029	1.00	ja
7965	VJ007123	1.00	ja
7969	VJ011545	1.00	ja
7974	VJ004935	1.00	ja
7979	RJ040697	1.00	ja
7980	VJ006481	1.00	ja
7981	VJ008781	1.00	alias
7983	RJ071102	1.00	ja
7984	RJ243588	1.00	alias
7986	VJ013153	1.00	ja
7988	RJ01424170	1.00	ja
7996	VJ011954	1.00	ja
7997	VJ004332	1.00	ja
8005	RJ01083766	1.00	ja
8006	VJ008893	1.00	ja
8007	RJ280405	1.00	ja
8010	RJ091006	1.00	ja
8011	RJ098850	1.00	ja
8014	VJ002138	1.00	ja
8018	VJ001450	1.00	ja
8026	RJ323543	1.00	ja
8027	RJ118502	1.00	ja
8030	VJ007689	1.00	ja
8048	VJ004597	1.00	ja
8051	VJ005917	1.00	ja
8065	VJ001742	1.00	ja
8067	VJ001806	1.00	ja
8069	VJ009423	1.00	ja
8071	VJ002603	1.00	ja
8073	VJ001773	1.00	ja
8076	VJ001703	1.00	ja
8081	VJ006719	1.00	ja
8101	VJ002077	1.00	ja
8106	VJ011211	1.00	ja
8113	VJ010109	1.00	ja
8114	VJ012166	1.00	ja
8117	VJ004969	1.00	ja
8120	VJ015637	1.00	ja
8122	VJ006061	1.00	ja
8123	VJ006694	1.00	ja
8126	VJ010455	1.00	ja
8131	RJ076050	1.00	ja
8135	VJ002066	1.00	ja
8142	VJ007661	1.00	ja
8149	RJ035214	1.00	ja
8151	RJ073071	1.00	ja
8156	RJ120900	1.00	ja
8162	RJ181268	0.96	ja
8165	RJ126113	1.00	ja
8167	VJ009694	1.00	ja
8168	VJ009706	1.00	ja
8169	VJ006082	1.00	ja
8174	RJ099666	1.00	ja
8175	RJ367965	1.00	ja
8192	RJ207140	1.00	ja
8193	RJ070200	1.00	ja
8195	RJ038588	1.00	ja
8209	RJ034930	1.00	ja
8210	RJ014527	1.00	ja
8211	RJ014522	1.00	ja
8218	RJ007704	1.00	ja
8220	RJ037822	1.00	ja
8231	RJ109393	1.00	ja
8235	RJ191648	1.00	ja
8238	VJ004999	1.00	ja
8239	RJ224155	1.00	ja
8250	VJ009244	1.00	ja
8251	RJ092998	1.00	ja
8252	RJ111371	1.00	ja
8255	VJ009446	1.00	ja
8256	RJ183179	1.00	ja
8258	RJ098546	1.00	ja
8269	RJ101178	1.00	ja
8271	VJ002505	1.00	ja
8278	VJ008664	1.00	ja
8286	VJ007671	1.00	ja
8299	RJ228341	1.00	ja
8300	RJ070435	1.00	alias
8301	RJ055626	1.00	ja
8302	RJ189915	1.00	ja
8303	RJ081087	1.00	ja
8304	RJ065039	1.00	ja
8305	RJ063375	1.00	ja
8306	RJ167078	1.00	ja
8307	RJ099455	1.00	ja
8309	RJ051902	1.00	alias
8310	RJ059879	1.00	ja
8311	RJ204009	1.00	ja
8312	RJ091733	1.00	ja
8313	RJ145617	1.00	ja
8314	RJ101975	1.00	ja
8316	RJ133350	1.00	ja
8317	RJ126292	1.00	ja
8319	RJ056678	1.00	ja
8320	RJ240844	1.00	ja
8321	RJ097211	1.00	ja
8322	RJ152709	1.00	ja
8323	RJ214480	1.00	ja
8324	RJ138382	1.00	ja
8325	RJ158564	1.00	ja
8327	RJ118910	1.00	ja
8328	RJ180549	1.00	ja
8329	RJ126592	1.00	ja
8337	RJ087750	1.00	ja
8347	VJ006609	1.00	ja
8352	RJ054277	1.00	ja
8353	RJ039003	1.00	ja
8356	VJ002008	1.00	alias
8360	VJ009822	1.00	ja
8363	RJ043872	1.00	ja
8372	VJ003421	1.00	ja
8398	VJ006678	1.00	ja
8399	RJ377049	1.00	ja
8401	RJ243564	1.00	ja
8417	VJ009166	1.00	ja
8423	VJ003700	1.00	ja
8424	VJ003848	1.00	ja
8448	VJ005627	1.00	ja
8449	VJ006438	1.00	ja
8460	RJ044088	1.00	ja
8472	VJ006499	1.00	ja
8478	RJ297813	1.00	ja
8495	RJ108136	1.00	ja
8497	VJ011516	1.00	ja
8503	VJ001471	1.00	ja
8508	RJ067452	1.00	ja
8513	VJ003833	1.00	ja
8520	VJ003818	1.00	ja
8525	VJ010737	1.00	ja
8532	VJ009296	1.00	ja
8534	VJ011744	1.00	ja
8535	VJ011804	1.00	ja
8549	RJ017031	1.00	ja
8550	RJ032501	1.00	alias
8552	VJ005150	1.00	ja
8562	VJ010138	1.00	ja
8564	VJ011443	1.00	ja
8579	VJ010602	1.00	ja
8593	RJ018717	1.00	ja
8606	RJ111196	1.00	ja
8609	RJ095547	1.00	ja
8610	RJ159783	1.00	ja
8611	RJ163082	1.00	ja
8618	RJ106977	1.00	ja
8620	RJ103943	1.00	ja
8621	VJ001414	1.00	alias
8623	VJ004525	1.00	ja
8624	VJ004456	1.00	ja
8625	RJ130526	1.00	ja
8626	RJ109906	1.00	ja
8635	RJ065769	1.00	ja
8636	VJ003728	1.00	ja
8638	VJ008097	1.00	ja
8640	VJ010115	1.00	ja
8641	VJ006642	1.00	ja
8642	VJ007229	1.00	ja
8644	VJ010451	1.00	alias
8648	RJ110992	1.00	ja
8649	RJ194757	1.00	ja
8659	RJ374807	1.00	ja
8665	VJ008502	1.00	ja
8668	RJ197013	1.00	ja
8669	RJ234435	1.00	ja
8672	RJ046815	1.00	ja
8674	RJ389834	0.97	ja
8685	VJ010263	1.00	ja
8698	VJ006765	1.00	ja
8701	RJ137601	1.00	ja
8710	VJ010253	1.00	ja
8712	RJ210520	1.00	ja
8714	VJ004827	1.00	ja
8726	VJ008012	1.00	ja
8729	RJ081989	1.00	ja
8730	VJ011127	1.00	ja
8734	VJ009098	1.00	ja
8735	VJ006943	1.00	ja
8738	RJ184791	1.00	ja
8743	RJ381335	1.00	ja
8749	VJ005300	1.00	ja
8750	VJ007881	1.00	ja
8752	RJ118317	1.00	ja
8761	VJ004777	1.00	ja
8765	VJ010714	1.00	ja
8773	VJ011374	1.00	ja
8775	RJ065582	1.00	ja
8778	RJ123789	1.00	ja
8782	VJ006509	1.00	ja
8784	RJ091542	1.00	ja
8785	RJ056672	1.00	ja
8786	VJ011184	1.00	ja
8787	RJ083578	1.00	alias
8788	RJ391174	1.00	ja
8801	RJ043554	1.00	ja
8805	VJ002451	1.00	ja
8806	VJ008758	1.00	ja
8807	VJ005468	1.00	ja
8808	VJ005598	1.00	ja
8811	RJ169911	1.00	ja
8814	RJ119353	1.00	ja
8815	VJ002287	0.62	alias
8818	RJ113684	1.00	ja
8823	RJ113900	1.00	ja
8824	RJ137594	1.00	ja
8825	RJ020951	1.00	ja
8826	RJ086399	1.00	ja
8827	RJ017491	1.00	ja
8828	RJ097285	1.00	ja
8831	VJ001412	1.00	ja
8836	RJ039322	1.00	ja
8837	RJ071512	1.00	ja
8841	RJ015644	1.00	ja
8844	RJ049530	1.00	ja
8847	RJ041811	1.00	ja
8848	RJ035249	1.00	ja
8856	RJ040725	1.00	ja
8857	RJ037538	1.00	ja
8858	RJ086542	1.00	ja
8859	RJ196593	1.00	ja
8866	RJ160271	1.00	ja
8868	RJ255975	1.00	ja
8869	RJ036298	1.00	ja
8876	RJ040091	1.00	ja
8878	RJ086736	1.00	ja
8880	RJ112257	1.00	alias
8881	RJ149639	1.00	ja
8887	RJ144858	1.00	ja
8890	RJ182347	1.00	ja
8894	VJ011222	1.00	ja
8896	RJ141918	1.00	ja
8900	RJ080458	1.00	ja
8901	RJ044933	1.00	ja
8906	RJ121973	1.00	ja
8910	RJ021154	1.00	ja
8912	RJ047923	1.00	ja
8913	RJ015877	1.00	ja
8919	RJ085801	1.00	ja
8924	RJ049388	1.00	ja
8925	RJ01505993	1.00	ja
8929	RJ171936	1.00	ja
8934	VJ009253	1.00	ja
8939	RJ030600	1.00	alias
8949	RJ041043	1.00	ja
8951	RJ033253	1.00	ja
8952	RJ036827	1.00	ja
8976	VJ006680	1.00	ja
8989	RJ323151	1.00	ja
8999	RJ206667	1.00	ja
9017	VJ006412	1.00	ja
9018	VJ006931	1.00	ja
9029	RJ271743	1.00	ja
9036	RJ043283	1.00	ja
9043	VJ005410	1.00	ja
9046	RJ398181	1.00	ja
9050	VJ004350	1.00	ja
9051	VJ005604	1.00	ja
9059	RJ143354	1.00	ja
9062	VJ008067	1.00	en
9066	RJ100922	1.00	ja
9067	RJ032287	1.00	ja
9068	RJ196125	1.00	ja
9070	RJ150923	1.00	ja
9073	RJ041576	1.00	ja
9075	RJ087010	1.00	ja
9076	RJ059017	1.00	ja
9077	RJ084055	1.00	ja
9078	RJ055893	1.00	ja
9079	RJ058567	1.00	ja
9080	RJ080645	1.00	ja
9082	RJ042651	1.00	ja
9089	RJ068998	1.00	ja
9090	RJ060061	1.00	ja
9091	RJ104338	1.00	ja
9092	RJ038452	1.00	ja
9101	VJ001796	1.00	ja
9104	RJ069873	1.00	ja
9107	VJ007695	1.00	ja
9110	VJ011140	1.00	ja
9112	RJ204638	1.00	ja
9113	VJ008810	1.00	ja
9115	RJ032696	1.00	ja
9116	RJ034346	1.00	ja
9117	RJ051921	1.00	ja
9120	RJ039904	1.00	ja
9121	RJ044863	1.00	ja
9124	RJ128151	1.00	ja
9139	RJ079656	1.00	alias
9140	RJ079658	1.00	ja
9142	RJ079659	0.93	ja
9150	VJ007165	1.00	ja
9156	VJ006738	1.00	ja
9159	RJ032559	1.00	ja
9171	RJ017698	1.00	ja
9173	RJ228398	0.67	ja
9174	RJ037585	1.00	ja
9196	VJ010343	1.00	ja
9199	VJ009292	0.94	ja
9205	VJ008060	1.00	ja
9206	VJ009589	1.00	ja
9215	VJ010624	1.00	ja
9225	RJ069343	1.00	ja
9228	RJ023819	1.00	ja
9229	RJ280062	1.00	ja
9231	RJ168046	1.00	ja
9232	VJ009087	1.00	ja
9237	RJ119245	1.00	ja
9246	VJ008293	1.00	ja
9249	VJ006951	1.00	ja
9250	VJ002089	1.00	ja
9259	VJ007797	1.00	ja
9263	RJ059806	1.00	ja
9264	VJ007313	1.00	ja
9278	VJ002019	1.00	ja
9287	VJ007644	1.00	ja
9288	RJ052259	1.00	ja
9290	RJ036495	1.00	ja
9294	RJ023237	1.00	ja
9298	VJ002154	1.00	ja
9300	RJ01261292	1.00	ja
9301	RJ268671	1.00	ja
9304	RJ087566	1.00	ja
9306	RJ175291	1.00	ja
9325	VJ002694	1.00	alias
9326	RJ01482095	1.00	ja
9337	RJ033890	1.00	ja
9342	VJ001359	1.00	ja
9344	RJ01564438	1.00	ja
9347	VJ001311	1.00	alias
9349	VJ013031	1.00	ja
9350	VJ004450	1.00	ja
9352	VJ005735	1.00	ja
9354	VJ009529	1.00	ja
9355	VJ002513	1.00	ja
9362	VJ002702	1.00	ja
9368	VJ004410	1.00	ja
9370	VJ011748	0.62	ja
9375	VJ001280	1.00	ja
9377	RJ054897	1.00	ja
9393	VJ008890	1.00	ja
9395	VJ002528	1.00	ja
9396	RJ335685	1.00	ja
9398	VJ003320	1.00	ja
9400	VJ001753	1.00	ja
9401	VJ006409	1.00	ja
9406	VJ011157	1.00	ja
9407	VJ002821	1.00	ja
9415	VJ006637	1.00	ja
9418	VJ009453	1.00	ja
9419	VJ002813	1.00	ja
9423	VJ008710	1.00	ja
9427	RJ128317	1.00	ja
9428	VJ001001	1.00	alias
9430	RJ168309	0.94	ja
9431	VJ001886	1.00	ja
9437	RJ214107	1.00	ja
9445	VJ007842	1.00	ja
9455	VJ001533	1.00	ja
9462	RJ296481	0.97	ja
9464	RJ044704	1.00	ja
9466	VJ005432	1.00	ja
9468	VJ005433	1.00	ja
9470	RJ277078	1.00	ja
9475	VJ001393	1.00	ja
9477	VJ006198	1.00	alias
9483	VJ010575	1.00	ja
9485	RJ235924	1.00	ja
9487	RJ166277	1.00	ja
9489	RJ067224	1.00	ja
9498	VJ011695	1.00	ja
9499	RJ016859	1.00	ja
9517	RJ007905	1.00	ja
9518	RJ01229342	1.00	ja
9519	RJ014106	1.00	ja
9520	VJ002410	1.00	ja
9533	VJ001847	1.00	ja
9534	VJ002272	1.00	ja
9537	VJ012454	1.00	ja
9538	VJ004541	1.00	ja
9540	VJ001911	1.00	ja
9543	VJ006107	1.00	ja
9544	VJ001454	1.00	ja
9545	VJ008638	1.00	ja
9547	VJ010485	1.00	ja
9552	VJ001671	1.00	ja
9555	VJ008184	1.00	ja
9556	RJ117562	1.00	ja
9564	VJ007669	1.00	ja
9565	VJ005713	0.90	ja
9574	RJ038720	1.00	ja
9575	RJ120973	1.00	ja
9577	VJ009160	1.00	ja
9580	RJ01575169	1.00	ja
9599	VJ006781	1.00	ja
9601	VJ007879	1.00	ja
9602	VJ005698	1.00	ja
9603	VJ008051	1.00	ja
9607	RJ129743	1.00	ja
9609	VJ001370	1.00	ja
9616	RJ092729	1.00	ja
9620	RJ049521	1.00	ja
9623	VJ003719	1.00	ja
9624	VJ003706	1.00	ja
9632	VJ010924	1.00	ja
9634	RJ076533	1.00	ja
9639	VJ007193	1.00	ja
9643	VJ009269	1.00	ja
9651	RJ027784	1.00	ja
9652	VJ003388	1.00	ja
9653	VJ006104	1.00	ja
9655	VJ007270	1.00	ja
9656	RJ027952	1.00	alias
9658	RJ01076401	1.00	ja
9729	VJ009693	1.00	ja
9779	VJ005705	1.00	ja
9841	VJ005320	1.00	ja
9844	VJ003957	1.00	ja
9845	VJ007280	1.00	ja
9881	VJ002349	1.00	ja
9908	VJ001726	1.00	ja
9927	RJ037836	1.00	ja
9943	VJ005173	1.00	ja
10023	VJ008222	1.00	ja
10032	VJ003564	1.00	ja
10046	VJ005656	1.00	ja
10058	VJ001487	1.00	alias
10061	VJ006563	1.00	ja
10063	VJ003505	1.00	ja
10092	VJ002960	1.00	ja
10100	VJ005172	1.00	ja
10128	VJ002737	1.00	ja
10135	VJ006935	1.00	ja
10137	VJ009662	1.00	ja
10180	VJ005036	1.00	ja
10228	VJ002870	1.00	ja
10244	VJ004447	1.00	ja
10256	VJ005390	1.00	ja
10422	VJ002118	1.00	alias
10430	RJ046594	1.00	ja
10435	RJ047632	1.00	ja
10436	RJ045291	1.00	alias
10450	VJ001732	1.00	ja
10466	VJ004665	1.00	ja
10506	VJ001222	1.00	ja
10527	VJ003842	1.00	ja
10531	VJ004320	1.00	ja
10565	VJ006565	1.00	ja
10566	RJ034738	1.00	ja
10670	VJ006844	1.00	ja
10671	VJ007001	1.00	ja
10691	RJ046319	1.00	ja
10692	VJ001733	1.00	ja
10771	RJ053979	1.00	ja
10827	RJ053812	1.00	ja
10864	RJ052059	1.00	ja
10866	VJ006971	1.00	ja
10878	VJ005958	1.00	ja
10903	VJ006505	1.00	ja
10905	VJ005293	1.00	ja
10928	RJ044577	1.00	ja
10951	VJ006906	1.00	ja
10974	VJ001652	1.00	ja
10975	VJ001654	1.00	ja
11051	RJ057835	1.00	ja
11109	VJ003650	1.00	ja
11114	VJ002205	1.00	ja
11138	RJ051340	1.00	ja
11155	VJ001820	1.00	ja
11236	VJ002376	1.00	alias
11411	VJ001004	1.00	ja
11560	VJ004967	1.00	ja
11589	VJ006890	1.00	ja
11592	VJ013973	1.00	ja
11604	VJ004738	1.00	ja
11687	VJ002029	1.00	ja
11706	VJ002409	1.00	ja
11750	VJ001064	1.00	ja
11757	RJ058114	1.00	ja
11765	RJ027358	1.00	ja
11767	RJ061877	1.00	ja
11795	RJ063959	1.00	ja
11892	VJ003616	1.00	ja
11893	VJ003710	1.00	ja
11919	VJ006652	1.00	ja
11984	VJ003679	1.00	ja
12004	VJ002858	1.00	ja
12010	VJ002734	1.00	ja
12012	VJ002782	0.88	ja
12015	RJ049139	1.00	ja
12019	RJ056387	1.00	ja
12020	RJ050734	1.00	ja
12068	RJ002056	1.00	ja
12069	RJ007643	1.00	ja
12070	RJ007649	1.00	ja
12071	RJ007686	1.00	ja
12072	RJ007712	1.00	ja
12073	RJ007751	1.00	ja
12076	RJ007838	1.00	ja
12077	RJ007925	1.00	ja
12078	RJ013361	1.00	ja
12079	RJ013637	1.00	ja
12080	RJ015308	1.00	ja
12081	RJ059798	1.00	ja
12102	RJ004832	1.00	alias
12104	RJ013950	1.00	ja
12121	RJ063982	1.00	alias
12136	VJ001258	1.00	ja
12151	VJ004859	1.00	en
12176	RJ076186	1.00	ja
12222	RJ015960	1.00	ja
12223	RJ027074	1.00	ja
12224	RJ049957	1.00	ja
12225	RJ025376	1.00	ja
12226	RJ027229	1.00	ja
12227	RJ028505	1.00	ja
12228	RJ030892	1.00	ja
12229	RJ033731	1.00	ja
12230	RJ036246	1.00	ja
12231	RJ036970	1.00	ja
12232	RJ042633	1.00	ja
12233	RJ041842	1.00	ja
12234	RJ044406	1.00	ja
12235	RJ045865	1.00	ja
12236	RJ049290	1.00	ja
12237	RJ052714	1.00	ja
12238	RJ063236	1.00	ja
12239	RJ065574	1.00	ja
12288	VJ006506	1.00	ja
12348	RJ068833	1.00	ja
12421	VJ005296	1.00	ja
12472	RJ013586	1.00	ja
12572	VJ005520	1.00	ja
12581	RJ022771	1.00	ja
12677	RJ071216	1.00	ja
12696	VJ007024	1.00	ja
12950	VJ005492	1.00	alias
12954	RJ072805	1.00	ja
12964	VJ004861	0.67	ja
12969	VJ005379	1.00	ja
13003	VJ004932	0.94	ja
13015	VJ002739	1.00	ja
13040	RJ072561	1.00	alias
13103	VJ002031	1.00	ja
13124	VJ011333	1.00	ja
13179	RJ022990	1.00	ja
13180	RJ027081	1.00	ja
13197	RJ039585	1.00	ja
13203	VJ007198	1.00	ja
13212	VJ006507	1.00	ja
13252	RJ073758	1.00	ja
13328	VJ006987	1.00	ja
13379	VJ004821	0.88	ja
13401	VJ005879	1.00	ja
13403	VJ008697	1.00	ja
13454	VJ003647	1.00	ja
13524	VJ002633	0.88	ja
13543	VJ005484	1.00	ja
13583	VJ011348	1.00	ja
13646	VJ004448	0.62	ja
13685	RJ041544	1.00	ja
13778	RJ080913	1.00	ja
13801	VJ001419	1.00	ja
13875	VJ007801	1.00	ja
13885	VJ006098	1.00	ja
13924	RJ083942	1.00	ja
13985	RJ036835	1.00	ja
13986	RJ022772	1.00	ja
13994	VJ006100	1.00	ja
14067	VJ006385	1.00	ja
14068	VJ001493	1.00	ja
14069	VJ001256	1.00	ja
14070	VJ001491	1.00	ja
14071	VJ001492	1.00	ja
14176	VJ002649	1.00	ja
14246	VJ007729	1.00	ja
14269	RJ084627	1.00	ja
14270	RJ047136	1.00	ja
14294	RJ051613	1.00	ja
14295	RJ070150	1.00	ja
14298	VJ009297	1.00	ja
14338	VJ007796	1.00	ja
14930	RJ082275	1.00	ja
14942	RJ075586	1.00	ja
14947	RJ027079	1.00	ja
14956	RJ075896	1.00	ja
15240	VJ008409	1.00	ja
15469	VJ006829	1.00	ja
15589	VJ007880	1.00	ja
15591	VJ010856	0.93	ja
15593	VJ006771	1.00	ja
15695	VJ006860	1.00	ja
15725	VJ004953	0.93	ja
15812	RJ056035	1.00	ja
15897	RJ097283	1.00	ja
15921	VJ007683	1.00	ja
15942	RJ095837	1.00	ja
16114	RJ072773	1.00	ja
16125	RJ099970	1.00	ja
16214	RJ102334	1.00	ja
16326	VJ007283	1.00	ja
16442	VJ007474	1.00	ja
16464	VJ007326	1.00	ja
16620	VJ007598	1.00	ja
16781	RJ298804	1.00	ja
16783	RJ039688	1.00	ja
16791	RJ026410	1.00	ja
16820	RJ026355	1.00	ja
16856	VJ007658	1.00	ja
16860	VJ007534	0.99	ja
16957	VJ007831	1.00	ja
16965	VJ007505	1.00	ja
17011	VJ009025	0.91	ja
17013	RJ219406	1.00	ja
17051	VJ007657	1.00	ja
17077	RJ036837	1.00	ja
17081	RJ110134	1.00	ja
17169	RJ108395	1.00	ja
17479	RJ120153	1.00	ja
17492	RJ107904	1.00	ja
17519	VJ007928	1.00	ja
17658	RJ119725	1.00	ja
18011	VJ010873	1.00	ja
18062	RJ122630	1.00	ja
18063	RJ102964	1.00	ja
18064	RJ096434	1.00	ja
18065	RJ090951	1.00	ja
18066	RJ071932	1.00	ja
18196	VJ008087	1.00	ja
18332	VJ008239	1.00	ja
18509	VJ008371	1.00	ja
18532	RJ126024	1.00	ja
18679	RJ128702	1.00	ja
18861	VJ001380	1.00	ja
18882	RJ131736	1.00	ja
19062	VJ008932	1.00	ja
19425	VJ009078	1.00	ja
19447	RJ136880	1.00	ja
19525	RJ139188	1.00	ja
19536	RJ074112	1.00	ja
19713	RJ141048	1.00	ja
19740	VJ009315	1.00	ja
19783	RJ143057	1.00	ja
19823	RJ279877	0.80	ja
19831	RJ135570	1.00	ja
19864	VJ009256	1.00	ja
19901	RJ133246	1.00	ja
19964	RJ145838	1.00	ja
20003	RJ031379	1.00	ja
20062	RJ104304	1.00	ja
20074	VJ009393	1.00	ja
20091	RJ106171	1.00	ja
20173	VJ008962	1.00	ja
20242	VJ009317	1.00	ja
20346	RJ302328	1.00	ja
20385	VJ009386	1.00	ja
20566	VJ013156	1.00	ja
20659	RJ139136	1.00	ja
20846	RJ109284	1.00	ja
20876	RJ118122	1.00	ja
20882	RJ149360	1.00	ja
20883	RJ145648	1.00	ja
20885	RJ138786	1.00	ja
20886	RJ121708	1.00	ja
20887	RJ126241	1.00	ja
20888	RJ115783	1.00	ja
20891	RJ102192	1.00	ja
20970	RJ146765	1.00	ja
21010	RJ152941	1.00	ja
21031	VJ009375	1.00	ja
21116	RJ158976	1.00	ja
21143	VJ009459	1.00	ja
21378	VJ009999	1.00	ja
21441	VJ009537	1.00	ja
21525	RJ102533	1.00	ja
21610	VJ009805	1.00	ja
21614	RJ168154	1.00	ja
21639	RJ152853	1.00	ja
21648	RJ168519	1.00	ja
21695	RJ166375	1.00	ja
21705	VJ010861	1.00	ja
21765	RJ151743	1.00	ja
21777	RJ136188	1.00	ja
21778	RJ136877	1.00	ja
21797	RJ105930	1.00	ja
21816	RJ120628	1.00	ja
21817	RJ130911	1.00	ja
21818	RJ142569	1.00	ja
21821	RJ158796	1.00	ja
21844	RJ173868	1.00	ja
21857	RJ172471	1.00	ja
21922	VJ010189	1.00	ja
22165	RJ179536	1.00	ja
22182	RJ181074	0.98	ja
22212	VJ010558	1.00	ja
22227	RJ178054	1.00	ja
22283	VJ012662	1.00	ja
22301	RJ223761	1.00	ja
22360	VJ010556	1.00	ja
22462	VJ010906	1.00	ja
22530	RJ185992	1.00	ja
22629	RJ187345	1.00	ja
22638	RJ184424	1.00	ja
22674	RJ185288	1.00	alias
22676	RJ189157	1.00	ja
22703	RJ203530	1.00	ja
22712	VJ010833	1.00	ja
22786	RJ193306	1.00	ja
22796	VJ010823	1.00	ja
22798	VJ011024	1.00	ja
22875	RJ192091	1.00	ja
22937	VJ010888	1.00	ja
23019	RJ198010	1.00	ja
23037	VJ010979	1.00	ja
23044	VJ010993	1.00	ja
23091	RJ007946	1.00	ja
23092	RJ018221	0.83	ja
23100	RJ014062	1.00	ja
23105	RJ018221	1.00	ja
23181	VJ011084	0.69	ja
23192	VJ011072	1.00	ja
23206	VJ011229	1.00	ja
23221	VJ011276	1.00	ja
23228	VJ011095	1.00	ja
23241	RJ028993	1.00	ja
23285	VJ011221	1.00	ja
23344	VJ011480	1.00	ja
23345	VJ011363	1.00	ja
23348	RJ199738	1.00	ja
23485	VJ011477	0.90	ja
23514	RJ208156	1.00	ja
23685	VJ011540	1.00	ja
23695	VJ011475	1.00	ja
23755	VJ011608	1.00	ja
23875	RJ216697	1.00	ja
24009	VJ011833	1.00	ja
24029	RJ206836	1.00	ja
24152	VJ011890	1.00	ja
24221	RJ134398	1.00	ja
24237	VJ012001	1.00	ja
24282	RJ219407	1.00	ja
24380	RJ085428	1.00	ja
24392	RJ075691	1.00	ja
24438	VJ012496	1.00	ja
24482	RJ228183	1.00	ja
24494	RJ234125	1.00	ja
24600	RJ018716	1.00	ja
24604	RJ028240	1.00	ja
24605	RJ034124	1.00	ja
24619	RJ086657	1.00	ja
24648	RJ073186	1.00	ja
24659	RJ070843	1.00	ja
24794	RJ230794	1.00	ja
24804	VJ012328	1.00	ja
24841	RJ098982	1.00	ja
25097	VJ012183	1.00	ja
25109	VJ012129	1.00	ja
25115	RJ232633	1.00	ja
25471	VJ012329	1.00	ja
25500	RJ067145	1.00	ja
25502	RJ181497	1.00	ja
25503	RJ166727	1.00	ja
25578	VJ012360	1.00	ja
25719	RJ241552	1.00	ja
25780	RJ243359	1.00	ja
25862	RJ220533	1.00	ja
25870	RJ249421	1.00	ja
25934	RJ244023	1.00	ja
26117	RJ237409	1.00	ja
26120	RJ247036	1.00	ja
26151	RJ040861	1.00	ja
26238	RJ01467754	1.00	ja
26241	VJ012677	1.00	ja
26318	VJ012766	1.00	ja
26558	RJ213431	1.00	ja
26582	RJ080923	1.00	ja
26592	RJ035426	1.00	ja
26659	RJ015534	1.00	ja
26745	VJ012873	1.00	ja
26777	VJ012928	1.00	ja
26882	VJ013415	1.00	ja
26886	RJ081999	1.00	ja
27257	VJ013347	1.00	ja
27276	RJ208158	1.00	ja
27522	VJ013183	1.00	ja
27598	VJ013355	1.00	ja
27969	RJ192554	1.00	ja
28120	RJ275470	1.00	ja
28396	VJ013592	1.00	ja
28398	VJ013708	1.00	ja
28643	RJ283169	1.00	ja
28793	RJ151742	1.00	ja
29218	RJ016907	1.00	ja
29343	VJ014028	1.00	ja
29617	VJ014114	1.00	ja
29702	VJ014334	1.00	ja
29937	RJ316784	1.00	ja
30059	RJ319530	1.00	ja
30271	VJ014502	1.00	ja
30490	RJ306788	1.00	ja
30527	RJ334378	0.97	ja
30762	RJ01052820	1.00	ja
30971	RJ249266	1.00	ja
30972	RJ257638	1.00	ja
30973	RJ264169	1.00	ja
30974	RJ278449	1.00	ja
30975	RJ294114	1.00	ja
31161	VJ014939	1.00	ja
31202	RJ360799	1.00	ja
31255	RJ337505	1.00	ja
31429	RJ342314	1.00	ja
31681	RJ345897	1.00	ja
32013	RJ159593	1.00	ja
32090	RJ214974	1.00	ja
32091	RJ256279	1.00	ja
32101	RJ233992	0.63	ja
32444	RJ334920	1.00	ja
32500	VJ015421	1.00	ja
32773	RJ361980	1.00	ja
32837	VJ015310	1.00	ja
32875	RJ01088980	1.00	ja
34332	RJ390354	1.00	ja
34421	RJ380617	1.00	ja
34571	VJ015316	1.00	ja
35698	RJ01092026	1.00	ja
36190	RJ047151	1.00	ja
36243	RJ015811	1.00	ja
36683	RJ01003428	1.00	ja
37258	VJ015503	1.00	ja
38027	RJ028989	1.00	ja
38289	RJ065645	1.00	ja
38379	RJ026837	1.00	ja
38380	RJ031966	1.00	ja
39364	RJ01059271	1.00	ja
40181	RJ331203	1.00	ja
42080	RJ415619	1.00	ja
42081	RJ341094	1.00	ja
42082	RJ297696	1.00	ja
43311	RJ278273	1.00	ja
43825	RJ01075734	1.00	ja
44319	RJ01118480	1.00	ja
45729	RJ01122463	1.00	ja
46063	RJ01167793	1.00	ja
46404	RJ01133834	1.00	ja
46643	RJ01032903	1.00	ja
47624	RJ01227019	1.00	ja
47661	RJ01069245	1.00	ja
48027	RJ01201220	1.00	ja
48555	RJ01349037	1.00	ja
48824	RJ312869	1.00	en
48825	RJ01129482	1.00	ja
48994	RJ01102109	1.00	ja
49051	RJ01300607	1.00	ja
49181	RJ01221854	1.00	ja
49344	RJ01259274	1.00	ja
50499	RJ370402	1.00	ja
51180	RJ01354393	1.00	ja
52059	RJ01424246	1.00	ja
52710	RJ01374641	1.00	ja
55288	RJ01453875	1.00	ja
55453	RJ01388981	1.00	ja
55968	RJ01203767	1.00	ja
56145	RJ01397284	1.00	ja
58016	RJ01272421	0.96	ja
58219	RJ01559823	1.00	ja
58383	RJ01557970	1.00	ja
58990	RJ01554879	1.00	ja
59104	RJ01436672	1.00	ja
59670	RJ01620093	0.89	ja
60253	RJ01299257	1.00	ja
61155	RJ01624849	1.00	ja
61308	RJ01296782	1.00	zh
61314	RJ01637416	1.00	ja
61315	RJ01271506	1.00	ja
61316	RJ01549336	1.00	ja
61344	RJ249908	1.00	ja
61349	RJ01241396	1.00	zh
61365	RJ01592761	1.00	ja
61378	RJ01649048	1.00	ja
61614	RJ01532102	1.00	ja
61831	RJ01268751	1.00	ja
61870	RJ01063464	1.00	en
62177	RJ039036	1.00	ja
62178	RJ058705	1.00	ja
62264	RJ01022167	1.00	zh
62686	RJ01659307	1.00	ja
62918	RJ220536	1.00	zh
62919	RJ220535	1.00	zh
63020	RJ01673377	1.00	ja
